-- MySQL dump 10.13  Distrib 8.0.25, for Linux (x86_64)
--
-- Host: localhost    Database: vk_base
-- ------------------------------------------------------
-- Server version	8.0.25-0ubuntu0.20.04.1

/*!40101 SET @OLD_CHARACTER_SET_CLIENT=@@CHARACTER_SET_CLIENT */;
/*!40101 SET @OLD_CHARACTER_SET_RESULTS=@@CHARACTER_SET_RESULTS */;
/*!40101 SET @OLD_COLLATION_CONNECTION=@@COLLATION_CONNECTION */;
/*!50503 SET NAMES utf8mb4 */;
/*!40103 SET @OLD_TIME_ZONE=@@TIME_ZONE */;
/*!40103 SET TIME_ZONE='+00:00' */;
/*!40014 SET @OLD_UNIQUE_CHECKS=@@UNIQUE_CHECKS, UNIQUE_CHECKS=0 */;
/*!40014 SET @OLD_FOREIGN_KEY_CHECKS=@@FOREIGN_KEY_CHECKS, FOREIGN_KEY_CHECKS=0 */;
/*!40101 SET @OLD_SQL_MODE=@@SQL_MODE, SQL_MODE='NO_AUTO_VALUE_ON_ZERO' */;
/*!40111 SET @OLD_SQL_NOTES=@@SQL_NOTES, SQL_NOTES=0 */;

--
-- Table structure for table `cities`
--

DROP TABLE IF EXISTS `cities`;
/*!40101 SET @saved_cs_client     = @@character_set_client */;
/*!50503 SET character_set_client = utf8mb4 */;
CREATE TABLE `cities` (
  `id` int unsigned NOT NULL AUTO_INCREMENT,
  `name` varchar(150) CHARACTER SET utf8mb4 COLLATE utf8mb4_unicode_ci NOT NULL,
  `country_id` int unsigned DEFAULT NULL,
  PRIMARY KEY (`id`)
) ENGINE=InnoDB AUTO_INCREMENT=101 DEFAULT CHARSET=utf8mb4 COLLATE=utf8mb4_unicode_ci;
/*!40101 SET character_set_client = @saved_cs_client */;

--
-- Dumping data for table `cities`
--

LOCK TABLES `cities` WRITE;
/*!40000 ALTER TABLE `cities` DISABLE KEYS */;
INSERT INTO `cities` VALUES (1,'North Oscarview',94),(2,'Wellingtonview',36),(3,'East Aimeeton',88),(4,'Yazminbury',90),(5,'Carrollton',66),(6,'Port Frederiqueside',71),(7,'Bernierville',65),(8,'Boehmberg',95),(9,'New Bettieton',17),(10,'Izaiahside',81),(11,'Theresemouth',31),(12,'West Murray',17),(13,'Abernathyview',26),(14,'Lake Fleta',98),(15,'Lake Anibal',77),(16,'South Freemanstad',2),(17,'Grimesbury',62),(18,'Lorenton',25),(19,'Wilhelmmouth',67),(20,'Runolfsdottirtown',18),(21,'Stoltenbergmouth',52),(22,'Katherynshire',5),(23,'Daveside',90),(24,'East Kaya',81),(25,'Howellborough',12),(26,'Martinaside',55),(27,'South Florinehaven',27),(28,'Schaefershire',37),(29,'Pricebury',66),(30,'North Corine',88),(31,'Axelfort',100),(32,'Lake Arne',59),(33,'North Lafayettestad',24),(34,'Lake Travismouth',87),(35,'Katelynnport',49),(36,'Christopherborough',89),(37,'Elainamouth',57),(38,'South Henriette',13),(39,'Lake Caterinaburgh',84),(40,'Port Lillian',74),(41,'South Madieborough',94),(42,'O\'Keefestad',15),(43,'New Marilouville',91),(44,'West Artmouth',19),(45,'Port Geovany',12),(46,'West Carolineside',68),(47,'East Katlynn',21),(48,'North Darrylstad',73),(49,'Williamsonfort',92),(50,'Parisland',88),(51,'Kautzershire',91),(52,'Marvinborough',43),(53,'Juddborough',92),(54,'East Albertoview',80),(55,'South Chaim',24),(56,'North Jaylan',4),(57,'Port Giovanishire',35),(58,'Jadonland',50),(59,'Lake Russchester',41),(60,'New Ferminstad',100),(61,'Lake Oran',38),(62,'Abbystad',40),(63,'Feilberg',59),(64,'South Percy',61),(65,'Paucektown',27),(66,'Shanaside',7),(67,'Chelseafort',49),(68,'Lehnertown',83),(69,'Lake Berthafort',20),(70,'Camronview',33),(71,'East Kalliebury',57),(72,'Herbertfurt',13),(73,'New Cydneyview',47),(74,'Port Dextermouth',48),(75,'Clemensside',32),(76,'New Manuel',58),(77,'Ardithside',15),(78,'Louveniaburgh',53),(79,'Eichmannview',30),(80,'West Blazefurt',6),(81,'Ziemannbury',40),(82,'New Gaetano',21),(83,'Schaefermouth',49),(84,'Isidrofort',31),(85,'South Laurabury',1),(86,'East Gregmouth',73),(87,'North Noblebury',35),(88,'North Glendabury',35),(89,'North Braeden',22),(90,'Kochhaven',76),(91,'Normabury',35),(92,'North Hazelburgh',59),(93,'Vernaland',15),(94,'Port Fausto',93),(95,'North Brucefurt',20),(96,'South Edmondburgh',41),(97,'New Luna',100),(98,'New Estebanberg',68),(99,'Port Jamesontown',24),(100,'McClurehaven',19);
/*!40000 ALTER TABLE `cities` ENABLE KEYS */;
UNLOCK TABLES;

--
-- Table structure for table `communities`
--

DROP TABLE IF EXISTS `communities`;
/*!40101 SET @saved_cs_client     = @@character_set_client */;
/*!50503 SET character_set_client = utf8mb4 */;
CREATE TABLE `communities` (
  `id` int unsigned NOT NULL AUTO_INCREMENT COMMENT 'Идентификатор сроки',
  `name` varchar(150) CHARACTER SET utf8mb4 COLLATE utf8mb4_unicode_ci NOT NULL COMMENT 'Название группы',
  `created_at` datetime DEFAULT CURRENT_TIMESTAMP COMMENT 'Время создания строки',
  `updated_at` datetime DEFAULT CURRENT_TIMESTAMP ON UPDATE CURRENT_TIMESTAMP COMMENT 'Время обновления строки',
  PRIMARY KEY (`id`),
  UNIQUE KEY `name` (`name`)
) ENGINE=InnoDB AUTO_INCREMENT=101 DEFAULT CHARSET=utf8mb4 COLLATE=utf8mb4_unicode_ci COMMENT='Группы';
/*!40101 SET character_set_client = @saved_cs_client */;

--
-- Dumping data for table `communities`
--

LOCK TABLES `communities` WRITE;
/*!40000 ALTER TABLE `communities` DISABLE KEYS */;
INSERT INTO `communities` VALUES (1,'Wiegand-Towne','2016-08-21 05:38:28','2016-12-07 21:38:51'),(2,'Goyette Ltd','2018-08-01 03:21:59','2021-07-19 22:55:17'),(3,'Hegmann-Veum','2016-04-09 21:39:25','2016-04-10 21:03:39'),(4,'Reichert-Nitzsche','2013-08-30 18:45:26','2019-08-28 16:15:38'),(5,'Adams-Senger','2011-11-08 08:06:21','2021-01-24 02:34:09'),(6,'Labadie, Effertz and Parisian','2021-04-24 12:06:35','2021-07-19 22:55:17'),(7,'Zboncak Group','2016-04-21 17:44:55','2021-07-19 22:55:17'),(8,'Paucek-Klein','2019-11-07 08:09:42','2021-07-19 22:55:17'),(9,'Pouros, Kutch and Wehner','2016-03-17 00:05:09','2021-07-19 22:55:17'),(10,'Dibbert, Balistreri and Strosin','2014-09-24 23:56:29','2015-07-04 03:52:52');
/*!40000 ALTER TABLE `communities` ENABLE KEYS */;
UNLOCK TABLES;

--
-- Table structure for table `communities_users`
--

DROP TABLE IF EXISTS `communities_users`;
/*!40101 SET @saved_cs_client     = @@character_set_client */;
/*!50503 SET character_set_client = utf8mb4 */;
CREATE TABLE `communities_users` (
  `community_id` int unsigned NOT NULL COMMENT 'Ссылка на группу',
  `user_id` int unsigned NOT NULL COMMENT 'Ссылка на пользователя',
  `created_at` datetime DEFAULT CURRENT_TIMESTAMP COMMENT 'Время создания строки',
  PRIMARY KEY (`community_id`,`user_id`) COMMENT 'Составной первичный ключ'
) ENGINE=InnoDB DEFAULT CHARSET=utf8mb4 COLLATE=utf8mb4_unicode_ci COMMENT='Участники групп, связь между пользователями и группами';
/*!40101 SET character_set_client = @saved_cs_client */;

--
-- Dumping data for table `communities_users`
--

LOCK TABLES `communities_users` WRITE;
/*!40000 ALTER TABLE `communities_users` DISABLE KEYS */;
INSERT INTO `communities_users` VALUES (1,2,'1989-02-18 09:44:30'),(3,27,'2005-07-20 17:23:19'),(3,44,'2020-03-03 07:40:15'),(4,34,'1990-12-06 21:02:38'),(4,76,'2008-02-06 06:39:19'),(5,94,'1980-12-28 18:10:19'),(6,3,'1979-02-28 14:58:52'),(9,11,'1987-04-03 12:09:12'),(9,36,'1971-05-04 15:41:44'),(10,41,'1981-06-10 12:37:34');
/*!40000 ALTER TABLE `communities_users` ENABLE KEYS */;
UNLOCK TABLES;

--
-- Table structure for table `countries`
--

DROP TABLE IF EXISTS `countries`;
/*!40101 SET @saved_cs_client     = @@character_set_client */;
/*!50503 SET character_set_client = utf8mb4 */;
CREATE TABLE `countries` (
  `id` int unsigned NOT NULL AUTO_INCREMENT,
  `name` varchar(150) CHARACTER SET utf8mb4 COLLATE utf8mb4_unicode_ci NOT NULL,
  PRIMARY KEY (`id`)
) ENGINE=InnoDB AUTO_INCREMENT=101 DEFAULT CHARSET=utf8mb4 COLLATE=utf8mb4_unicode_ci;
/*!40101 SET character_set_client = @saved_cs_client */;

--
-- Dumping data for table `countries`
--

LOCK TABLES `countries` WRITE;
/*!40000 ALTER TABLE `countries` DISABLE KEYS */;
INSERT INTO `countries` VALUES (1,'Mayotte'),(2,'Qatar'),(3,'Paraguay'),(4,'Guyana'),(5,'Philippines'),(6,'United Kingdom'),(7,'New Caledonia'),(8,'Andorra'),(9,'Indonesia'),(10,'Benin'),(11,'Botswana'),(12,'Malawi'),(13,'Sudan'),(14,'Latvia'),(15,'Sudan'),(16,'Liechtenstein'),(17,'Vanuatu'),(18,'Liberia'),(19,'Romania'),(20,'Liechtenstein'),(21,'Lebanon'),(22,'Martinique'),(23,'Guatemala'),(24,'Antigua and Barbuda'),(25,'Guernsey'),(26,'Timor-Leste'),(27,'Saint Lucia'),(28,'Gibraltar'),(29,'Iceland'),(30,'Falkland Islands (Malvinas)'),(31,'Singapore'),(32,'Pitcairn Islands'),(33,'Slovenia'),(34,'Marshall Islands'),(35,'Dominican Republic'),(36,'Papua New Guinea'),(37,'Sao Tome and Principe'),(38,'Montserrat'),(39,'Australia'),(40,'Pitcairn Islands'),(41,'Venezuela'),(42,'Antarctica (the territory South of 60 deg S)'),(43,'Sudan'),(44,'Albania'),(45,'Faroe Islands'),(46,'Hong Kong'),(47,'Maldives'),(48,'Montserrat'),(49,'Senegal'),(50,'Somalia'),(51,'Canada'),(52,'Zimbabwe'),(53,'Pitcairn Islands'),(54,'Sudan'),(55,'Anguilla'),(56,'Malawi'),(57,'Algeria'),(58,'Saint Martin'),(59,'Congo'),(60,'Saint Helena'),(61,'Luxembourg'),(62,'Equatorial Guinea'),(63,'Bangladesh'),(64,'Ecuador'),(65,'Falkland Islands (Malvinas)'),(66,'Bhutan'),(67,'Korea'),(68,'United States Virgin Islands'),(69,'Egypt'),(70,'Turks and Caicos Islands'),(71,'Kenya'),(72,'Cambodia'),(73,'Japan'),(74,'Cayman Islands'),(75,'Norway'),(76,'Serbia'),(77,'Ireland'),(78,'Grenada'),(79,'Guernsey'),(80,'Panama'),(81,'Yemen'),(82,'Tajikistan'),(83,'Tunisia'),(84,'Spain'),(85,'Norway'),(86,'Kuwait'),(87,'Iraq'),(88,'Dominica'),(89,'Tonga'),(90,'Saudi Arabia'),(91,'British Indian Ocean Territory (Chagos Archipelago)'),(92,'Samoa'),(93,'Greenland'),(94,'Bahrain'),(95,'Morocco'),(96,'Sweden'),(97,'Qatar'),(98,'Israel'),(99,'Uganda'),(100,'Korea');
/*!40000 ALTER TABLE `countries` ENABLE KEYS */;
UNLOCK TABLES;

--
-- Table structure for table `friendship`
--

DROP TABLE IF EXISTS `friendship`;
/*!40101 SET @saved_cs_client     = @@character_set_client */;
/*!50503 SET character_set_client = utf8mb4 */;
CREATE TABLE `friendship` (
  `user_id` int unsigned NOT NULL COMMENT 'Ссылка на инициатора дружеских отношений',
  `friend_id` int unsigned NOT NULL COMMENT 'Ссылка на получателя приглашения дружить',
  `friendship_status_id` int unsigned NOT NULL COMMENT 'Ссылка на статус (текущее состояние) отношений',
  `confirmed_at` datetime DEFAULT NULL COMMENT 'Время подтверждения приглашения',
  `created_at` datetime DEFAULT CURRENT_TIMESTAMP COMMENT 'Время создания строки',
  `updated_at` datetime DEFAULT CURRENT_TIMESTAMP ON UPDATE CURRENT_TIMESTAMP COMMENT 'Время обновления строки',
  PRIMARY KEY (`user_id`,`friend_id`) COMMENT 'Составной первичный ключ'
) ENGINE=InnoDB DEFAULT CHARSET=utf8mb4 COLLATE=utf8mb4_unicode_ci COMMENT='Таблица дружбы';
/*!40101 SET character_set_client = @saved_cs_client */;

--
-- Dumping data for table `friendship`
--

LOCK TABLES `friendship` WRITE;
/*!40000 ALTER TABLE `friendship` DISABLE KEYS */;
INSERT INTO `friendship` VALUES (2,95,4,'2021-07-12 19:44:15','2021-06-18 02:38:44','2021-06-27 21:34:19'),(3,35,2,'2021-07-13 14:44:47','2021-07-03 17:36:01','2021-07-19 23:30:16'),(5,22,3,'2021-06-27 21:23:20','2021-02-12 14:22:18','2021-06-20 07:50:32'),(5,65,1,'2021-06-14 20:54:32','2021-06-01 11:51:43','2021-07-07 01:09:50'),(7,12,2,'2021-06-28 04:42:33','2021-01-02 13:32:44','2021-06-29 05:20:58'),(8,56,4,'2021-06-25 16:06:24','2020-07-28 08:23:05','2021-06-14 20:35:34'),(8,75,3,'2021-07-03 03:55:35','2021-01-04 09:09:32','2021-06-17 01:26:16'),(9,22,2,'2021-06-19 16:40:22','2021-04-28 22:24:52','2021-07-12 18:06:21'),(10,1,3,'2021-07-02 02:00:44','2021-03-17 09:15:35','2021-07-02 02:18:33'),(11,84,1,'2021-07-05 11:22:31','2021-05-09 04:20:38','2021-06-22 19:29:53'),(12,46,1,'2021-07-05 18:30:33','2021-02-27 15:29:31','2021-06-21 21:19:35'),(12,74,3,'2021-07-19 23:28:28','2021-07-07 00:11:17','2021-07-19 23:28:28'),(13,10,3,'2021-06-14 22:58:05','2021-04-28 23:28:28','2021-07-09 23:03:29'),(15,35,4,'2021-07-09 06:31:10','2021-03-05 02:18:37','2021-07-11 14:50:22'),(15,42,3,'2021-07-10 03:20:50','2020-12-24 10:28:51','2021-07-07 21:44:12'),(15,63,2,'2021-07-13 23:58:07','2020-09-10 04:04:07','2021-07-02 05:16:35'),(16,71,1,'2021-06-20 09:20:30','2021-01-13 07:06:27','2021-06-26 18:10:26'),(17,98,3,'2021-07-05 15:57:07','2021-06-05 23:39:19','2021-07-02 06:07:52'),(19,61,2,'2021-07-07 01:48:59','2021-03-22 05:10:44','2021-06-22 07:34:06'),(21,54,3,'2021-06-28 23:39:58','2021-06-21 23:48:55','2021-06-28 23:40:42'),(21,64,1,'2021-06-26 13:20:15','2020-12-30 13:31:58','2021-06-29 18:52:56'),(21,99,2,'2021-06-27 01:00:31','2020-08-08 19:50:45','2021-07-13 22:04:55'),(23,67,1,'2021-06-26 23:24:51','2021-05-29 13:51:49','2021-06-19 16:44:35'),(25,8,2,'2021-07-01 06:47:52','2021-02-11 18:02:00','2021-06-23 15:03:49'),(27,51,1,'2021-06-26 00:25:29','2021-06-20 22:04:55','2021-07-07 12:51:13'),(28,63,4,'2021-07-05 07:44:50','2021-02-08 06:14:33','2021-07-08 17:32:06'),(29,38,2,'2021-06-24 15:56:15','2021-03-04 03:50:54','2021-06-24 08:19:13'),(29,70,4,'2021-06-19 12:57:57','2020-08-01 10:04:44','2021-07-06 00:02:27'),(32,4,3,'2021-07-04 02:01:35','2021-03-11 20:41:51','2021-07-04 13:38:02'),(32,15,4,'2021-07-19 23:28:28','2021-07-04 17:24:28','2021-07-19 23:28:28'),(33,82,3,'2021-07-03 00:26:42','2020-10-05 19:48:42','2021-06-25 13:27:37'),(34,2,3,'2021-06-15 05:20:51','2021-04-10 15:01:53','2021-06-23 14:20:13'),(35,90,2,'2021-07-14 15:18:11','2021-03-29 06:32:31','2021-07-10 09:54:14'),(35,100,2,'2021-06-22 08:10:01','2020-09-15 07:36:08','2021-07-08 07:36:13'),(36,27,3,'2021-07-04 19:06:44','2020-09-10 19:54:30','2021-07-11 21:40:41'),(38,22,3,'2021-07-09 07:05:09','2021-03-13 15:27:37','2021-07-14 14:43:20'),(38,53,1,'2021-07-03 13:06:15','2021-03-09 23:34:58','2021-07-11 07:58:47'),(38,76,3,'2021-06-25 15:07:00','2020-11-10 23:49:56','2021-06-25 08:57:39'),(38,77,4,'2021-06-17 07:47:25','2020-08-13 10:21:24','2021-07-10 23:42:15'),(38,91,4,'2021-07-14 15:22:53','2021-02-15 18:13:16','2021-07-02 08:41:29'),(39,37,1,'2021-07-19 23:28:28','2021-06-21 17:48:15','2021-07-19 23:28:28'),(41,21,2,'2021-07-06 15:53:34','2020-12-08 21:29:42','2021-07-03 10:14:56'),(41,46,3,'2021-06-22 14:38:02','2021-03-21 09:16:45','2021-06-20 00:24:10'),(41,48,4,'2021-06-17 20:15:56','2020-11-27 17:51:57','2021-06-21 19:34:20'),(41,54,1,'2021-06-22 20:47:42','2021-06-08 16:47:38','2021-06-30 03:34:36'),(44,18,3,'2021-07-07 16:16:32','2021-04-26 10:07:36','2021-07-10 21:35:20'),(46,83,2,'2021-07-09 00:40:07','2020-10-25 14:03:22','2021-07-02 05:13:04'),(47,37,3,'2021-07-19 23:28:28','2021-06-22 20:23:54','2021-07-19 23:28:28'),(47,43,4,'2021-06-30 22:15:34','2020-11-23 07:39:56','2021-06-24 19:35:16'),(48,60,3,'2021-06-26 19:38:22','2020-08-14 08:08:30','2021-07-03 15:27:33'),(49,23,1,'2021-06-29 02:44:15','2020-07-27 12:06:41','2021-06-14 23:07:47'),(50,23,4,'2021-07-13 05:24:38','2020-09-20 23:37:00','2021-06-29 12:21:00'),(51,3,1,'2021-06-23 01:01:28','2020-07-29 11:16:21','2021-07-13 23:40:42'),(51,94,2,'2021-07-03 10:03:50','2021-05-05 05:12:19','2021-06-25 12:08:02'),(52,94,3,'2021-07-06 14:12:17','2020-11-24 22:37:24','2021-06-17 02:11:09'),(54,83,4,'2021-07-02 15:46:15','2020-11-18 11:35:46','2021-06-27 18:37:02'),(56,87,4,'2021-06-15 04:07:09','2020-09-26 23:13:10','2021-07-02 05:07:11'),(57,91,2,'2021-06-29 03:58:08','2020-12-17 22:28:03','2021-07-06 00:31:33'),(59,13,1,'2021-07-02 09:56:55','2021-01-08 11:23:58','2021-06-27 13:29:43'),(59,15,4,'2021-06-27 09:37:24','2021-03-06 07:50:34','2021-07-01 22:42:28'),(59,84,1,'2021-06-26 09:47:54','2020-10-21 14:31:55','2021-06-25 13:16:38'),(59,92,4,'2021-06-24 02:35:57','2021-04-12 22:01:27','2021-06-23 12:19:46'),(60,3,2,'2021-07-08 16:13:01','2021-06-26 04:08:09','2021-07-19 23:30:16'),(62,14,4,'2021-07-02 00:46:55','2021-05-26 22:50:36','2021-06-17 18:03:41'),(63,57,2,'2021-07-11 19:56:55','2020-12-04 18:59:42','2021-07-07 01:11:39'),(63,74,1,'2021-07-04 07:55:12','2021-02-09 02:59:55','2021-07-06 08:46:44'),(67,91,3,'2021-07-04 20:47:41','2020-09-28 19:39:32','2021-06-18 01:12:12'),(67,92,4,'2021-07-02 21:06:33','2020-11-07 07:56:35','2021-06-29 09:35:46'),(68,7,1,'2021-06-20 19:03:37','2021-01-10 08:06:36','2021-07-04 07:41:48'),(68,97,1,'2021-06-23 09:03:50','2021-05-02 13:58:30','2021-07-12 08:17:02'),(69,79,2,'2021-06-20 20:50:59','2020-10-30 20:23:35','2021-06-21 06:18:10'),(70,24,2,'2021-06-23 14:55:10','2021-01-18 10:24:46','2021-07-13 00:04:20'),(74,70,3,'2021-07-11 15:46:04','2021-03-30 12:29:40','2021-07-13 08:51:18'),(74,94,2,'2021-06-20 18:31:02','2020-10-15 01:46:43','2021-07-03 13:16:33'),(75,62,1,'2021-06-28 04:33:24','2020-07-28 23:13:33','2021-06-26 07:40:19'),(76,25,2,'2021-06-22 17:19:54','2020-11-23 14:05:58','2021-06-28 02:44:48'),(77,7,4,'2021-07-14 04:31:28','2020-11-28 10:04:13','2021-07-13 02:23:17'),(77,65,4,'2021-07-08 13:14:38','2021-04-15 05:52:08','2021-06-16 02:21:35'),(77,97,1,'2021-07-08 12:39:02','2021-07-06 05:03:15','2021-07-19 23:30:16'),(81,34,2,'2021-07-03 04:57:21','2021-03-09 09:09:14','2021-07-01 09:10:48'),(81,46,4,'2021-06-18 04:47:42','2021-01-05 17:57:07','2021-06-21 08:30:13'),(81,67,1,'2021-07-05 12:22:46','2021-03-25 11:15:20','2021-07-02 19:54:02'),(83,37,3,'2021-06-22 21:40:03','2020-10-18 09:58:28','2021-06-27 07:20:30'),(83,97,3,'2021-06-27 20:53:46','2020-12-25 00:22:49','2021-06-17 10:30:48'),(85,81,4,'2021-06-23 05:27:02','2020-11-28 13:22:11','2021-07-06 05:14:53'),(87,41,2,'2021-07-05 13:59:00','2021-06-30 00:30:07','2021-07-19 23:30:16'),(87,75,1,'2021-06-30 00:39:28','2021-01-23 11:23:12','2021-07-09 12:31:02'),(87,80,3,'2021-07-05 03:42:25','2020-08-29 06:38:56','2021-06-25 08:40:12'),(87,84,1,'2021-07-11 07:19:50','2020-08-14 04:42:50','2021-06-24 02:47:56'),(87,86,1,'2021-07-04 21:50:20','2020-08-30 14:53:24','2021-07-08 22:38:22'),(93,41,4,'2021-06-22 15:58:32','2021-04-02 13:27:04','2021-06-30 02:57:17'),(94,96,4,'2021-06-27 20:51:59','2021-06-23 04:42:11','2021-06-28 21:39:02'),(96,22,4,'2021-07-01 04:40:49','2021-04-20 22:21:02','2021-07-05 23:35:42'),(96,65,3,'2021-06-26 01:09:39','2021-04-02 00:47:33','2021-07-04 08:51:25'),(97,47,1,'2021-07-06 11:52:53','2020-08-20 14:10:02','2021-06-30 02:00:35'),(98,45,2,'2021-07-12 15:48:25','2020-12-30 13:32:49','2021-07-09 07:54:26'),(98,68,2,'2021-07-13 20:23:27','2020-09-03 00:35:09','2021-06-15 20:22:11'),(98,97,1,'2021-06-24 12:37:01','2020-09-22 02:11:10','2021-06-21 17:01:56'),(99,32,2,'2021-06-25 19:39:55','2021-01-31 11:00:17','2021-06-16 19:05:02'),(99,74,4,'2021-06-18 20:56:01','2021-02-27 05:47:46','2021-06-29 05:23:51');
/*!40000 ALTER TABLE `friendship` ENABLE KEYS */;
UNLOCK TABLES;

--
-- Table structure for table `friendship_statuses`
--

DROP TABLE IF EXISTS `friendship_statuses`;
/*!40101 SET @saved_cs_client     = @@character_set_client */;
/*!50503 SET character_set_client = utf8mb4 */;
CREATE TABLE `friendship_statuses` (
  `id` int unsigned NOT NULL AUTO_INCREMENT COMMENT 'Идентификатор строки',
  `name` varchar(150) CHARACTER SET utf8mb4 COLLATE utf8mb4_unicode_ci NOT NULL COMMENT 'Название статуса',
  `created_at` datetime DEFAULT CURRENT_TIMESTAMP COMMENT 'Время создания строки',
  `updated_at` datetime DEFAULT CURRENT_TIMESTAMP ON UPDATE CURRENT_TIMESTAMP COMMENT 'Время обновления строки',
  PRIMARY KEY (`id`),
  UNIQUE KEY `name` (`name`)
) ENGINE=InnoDB AUTO_INCREMENT=5 DEFAULT CHARSET=utf8mb4 COLLATE=utf8mb4_unicode_ci COMMENT='Статусы дружбы';
/*!40101 SET character_set_client = @saved_cs_client */;

--
-- Dumping data for table `friendship_statuses`
--

LOCK TABLES `friendship_statuses` WRITE;
/*!40000 ALTER TABLE `friendship_statuses` DISABLE KEYS */;
INSERT INTO `friendship_statuses` VALUES (1,'friend','2015-06-11 05:18:01','2021-07-19 23:23:46'),(2,'classmate','2011-07-31 09:56:04','2015-07-06 05:03:03'),(3,'follower','2019-03-11 04:46:11','2021-07-19 23:23:46'),(4,'family','2014-09-02 07:24:45','2015-02-09 18:41:23');
/*!40000 ALTER TABLE `friendship_statuses` ENABLE KEYS */;
UNLOCK TABLES;

--
-- Table structure for table `media`
--

DROP TABLE IF EXISTS `media`;
/*!40101 SET @saved_cs_client     = @@character_set_client */;
/*!50503 SET character_set_client = utf8mb4 */;
CREATE TABLE `media` (
  `id` int unsigned NOT NULL AUTO_INCREMENT COMMENT 'Идентификатор строки',
  `user_id` int unsigned NOT NULL COMMENT 'Ссылка на пользователя, который загрузил файл',
  `filename` varchar(255) CHARACTER SET utf8mb4 COLLATE utf8mb4_unicode_ci NOT NULL COMMENT 'Путь к файлу',
  `size` int NOT NULL COMMENT 'Размер файла',
  `metadata` json DEFAULT NULL,
  `media_type_id` int unsigned NOT NULL COMMENT 'Ссылка на тип контента',
  `created_at` datetime DEFAULT CURRENT_TIMESTAMP COMMENT 'Время создания строки',
  `updated_at` datetime DEFAULT CURRENT_TIMESTAMP ON UPDATE CURRENT_TIMESTAMP COMMENT 'Время обновления строки',
  PRIMARY KEY (`id`),
  CONSTRAINT `media_chk_1` CHECK (json_valid(`metadata`))
) ENGINE=InnoDB AUTO_INCREMENT=101 DEFAULT CHARSET=utf8mb4 COLLATE=utf8mb4_unicode_ci COMMENT='Медиафайлы';
/*!40101 SET character_set_client = @saved_cs_client */;

--
-- Dumping data for table `media`
--

LOCK TABLES `media` WRITE;
/*!40000 ALTER TABLE `media` DISABLE KEYS */;
INSERT INTO `media` VALUES (1,11,'https://dropbox.net/vk/application/vnd.vcx.mp3',1147935,'{\"owner\": \"Alessia Bednar\"}',3,'2012-12-02 07:18:07','2021-07-19 22:31:37'),(2,70,'https://dropbox.net/vk/video/3gpp2.jpeg',2806698,'{\"owner\": \"Nelda Padberg\"}',2,'2014-08-31 18:47:15','2021-07-19 22:31:37'),(3,60,'https://dropbox.net/vk/application/vnd.dece.ttml+xml.mp3',579688,'{\"owner\": \"Bobby Lemke\"}',1,'2016-11-01 10:33:37','2021-07-19 22:31:37'),(4,41,'https://dropbox.net/vk/application/vnd.pvi.ptid1.mp4',4468348,'{\"owner\": \"Sabina Kihn\"}',3,'2013-05-22 22:06:18','2021-07-19 22:31:37'),(5,60,'https://dropbox.net/vk/video/h263.jpeg',592676,'{\"owner\": \"Bobby Lemke\"}',1,'2015-07-20 21:37:49','2021-07-19 22:31:37'),(6,73,'https://dropbox.net/vk/text/vnd.in3d.3dml.avi',9548338,'{\"owner\": \"Belle Bruen\"}',2,'2015-02-04 02:12:46','2021-07-19 22:31:37'),(7,36,'https://dropbox.net/vk/application/epub+zip.jpeg',5953661,'{\"owner\": \"Tamia Stracke\"}',2,'2014-04-24 06:43:21','2021-07-19 22:31:37'),(8,23,'https://dropbox.net/vk/application/x-shockwave-flash.avi',1113292,'{\"owner\": \"Collin Quigley\"}',2,'2015-05-02 09:42:28','2021-07-19 22:31:37'),(9,1,'https://dropbox.net/vk/application/vnd.ds-keypoint.png',7695479,'{\"owner\": \"Norris Durgan\"}',3,'2016-05-14 00:00:45','2021-07-19 22:31:37'),(10,46,'https://dropbox.net/vk/audio/x-flac.jpeg',5127517,'{\"owner\": \"Kristina Wiegand\"}',2,'2015-04-14 03:07:11','2021-07-19 22:31:37'),(11,79,'https://dropbox.net/vk/application/vnd.ecowin.chart.avi',2541151,'{\"owner\": \"Gregorio Runolfsdottir\"}',3,'2014-08-04 14:07:13','2021-07-19 22:31:37'),(12,86,'https://dropbox.net/vk/application/vnd.ms-powerpoint.slideshow.macroenabled.12.avi',7313202,'{\"owner\": \"Adrianna Jast\"}',1,'2014-12-17 04:56:28','2021-07-19 22:31:37'),(13,95,'https://dropbox.net/vk/video/vnd.fvt.mp3',8932561,'{\"owner\": \"Joany Lockman\"}',3,'2012-10-15 11:04:28','2021-07-19 22:31:37'),(14,46,'https://dropbox.net/vk/application/x-gnumeric.avi',2713198,'{\"owner\": \"Kristina Wiegand\"}',3,'2013-03-15 14:58:41','2021-07-19 22:31:37'),(15,9,'https://dropbox.net/vk/audio/ogg.jpeg',6758308,'{\"owner\": \"Marcelino Ward\"}',3,'2020-04-19 05:38:05','2021-07-19 22:31:37'),(16,9,'https://dropbox.net/vk/image/x-xbitmap.avi',5641949,'{\"owner\": \"Marcelino Ward\"}',1,'2016-11-09 10:45:21','2021-07-19 22:31:37'),(17,66,'https://dropbox.net/vk/application/reginfo+xml.png',7924819,'{\"owner\": \"Aric Zboncak\"}',3,'2020-03-17 15:42:25','2021-07-19 22:31:37'),(18,68,'https://dropbox.net/vk/application/x-debian-package.jpeg',2688251,'{\"owner\": \"Tamara Hand\"}',1,'2013-08-21 02:32:07','2021-07-19 22:31:37'),(19,4,'https://dropbox.net/vk/audio/vnd.rip.mp4',9656798,'{\"owner\": \"Kip Jenkins\"}',1,'2019-09-09 19:18:44','2021-07-19 22:31:37'),(20,6,'https://dropbox.net/vk/application/vnd.oasis.opendocument.graphics.mp4',209239,'{\"owner\": \"Cassandra Cummings\"}',2,'2015-09-03 23:00:16','2021-07-19 22:31:37'),(21,9,'https://dropbox.net/vk/application/atom+xml.mp4',2065799,'{\"owner\": \"Marcelino Ward\"}',3,'2015-06-29 12:05:25','2021-07-19 22:31:37'),(22,10,'https://dropbox.net/vk/application/xproc+xml.mp3',9691280,'{\"owner\": \"Cordie Bayer\"}',2,'2015-10-19 22:06:53','2021-07-19 22:31:37'),(23,22,'https://dropbox.net/vk/application/x-xfig.mp3',2249006,'{\"owner\": \"Trycia Pagac\"}',1,'2016-11-06 13:00:06','2021-07-19 22:31:37'),(24,79,'https://dropbox.net/vk/application/vnd.visionary.jpeg',2161189,'{\"owner\": \"Gregorio Runolfsdottir\"}',1,'2019-08-08 16:14:30','2021-07-19 22:31:37'),(25,27,'https://dropbox.net/vk/text/vcard.mp4',4048927,'{\"owner\": \"Evan Emmerich\"}',1,'2012-09-17 09:43:33','2021-07-19 22:31:37'),(26,81,'https://dropbox.net/vk/application/vnd.epson.esf.png',3751068,'{\"owner\": \"Sarai Blick\"}',1,'2017-08-17 00:48:44','2021-07-19 22:31:37'),(27,100,'https://dropbox.net/vk/application/vnd.dvb.ait.avi',6598562,'{\"owner\": \"Janie Schroeder\"}',2,'2013-08-09 23:55:23','2021-07-19 22:31:37'),(28,38,'https://dropbox.net/vk/application/x-director.mp3',1729604,'{\"owner\": \"Geovanny Erdman\"}',3,'2013-09-18 05:21:17','2021-07-19 22:31:37'),(29,60,'https://dropbox.net/vk/image/vnd.wap.wbmp.png',8842337,'{\"owner\": \"Bobby Lemke\"}',3,'2011-10-30 01:34:15','2021-07-19 22:31:37'),(30,91,'https://dropbox.net/vk/video/vnd.dece.video.mp3',9012873,'{\"owner\": \"Iliana Turner\"}',3,'2020-04-30 06:41:15','2021-07-19 22:31:37'),(31,81,'https://dropbox.net/vk/message/rfc822.avi',8527354,'{\"owner\": \"Sarai Blick\"}',3,'2013-06-09 15:16:31','2021-07-19 22:31:37'),(32,86,'https://dropbox.net/vk/application/vnd.sun.xml.draw.template.jpeg',5588151,'{\"owner\": \"Adrianna Jast\"}',2,'2020-10-19 14:39:12','2021-07-19 22:31:37'),(33,79,'https://dropbox.net/vk/application/vnd.fdsn.seed.jpeg',2348693,'{\"owner\": \"Gregorio Runolfsdottir\"}',2,'2016-08-09 21:16:00','2021-07-19 22:31:37'),(34,72,'https://dropbox.net/vk/text/css.png',4969016,'{\"owner\": \"Shania Turcotte\"}',3,'2011-11-14 02:57:15','2021-07-19 22:31:37'),(35,61,'https://dropbox.net/vk/application/xop+xml.mp4',7789000,'{\"owner\": \"Emie Satterfield\"}',3,'2021-01-04 18:41:17','2021-07-19 22:31:37'),(36,45,'https://dropbox.net/vk/application/vnd.dece.zip.jpeg',4027953,'{\"owner\": \"Kasey Kuhic\"}',3,'2020-10-15 01:36:23','2021-07-19 22:31:37'),(37,56,'https://dropbox.net/vk/image/vnd.fpx.avi',6762764,'{\"owner\": \"Jordan Fadel\"}',2,'2018-09-03 06:46:25','2021-07-19 22:31:37'),(38,14,'https://dropbox.net/vk/application/x-rar-compressed.png',1719962,'{\"owner\": \"Patience Russel\"}',3,'2014-06-24 04:09:06','2021-07-19 22:31:37'),(39,85,'https://dropbox.net/vk/video/x-ms-vob.avi',8301521,'{\"owner\": \"Guiseppe Ruecker\"}',3,'2016-11-24 04:21:40','2021-07-19 22:31:37'),(40,99,'https://dropbox.net/vk/application/msword.avi',6337718,'{\"owner\": \"Rosario Stehr\"}',1,'2014-03-31 01:56:21','2021-07-19 22:31:37'),(41,16,'https://dropbox.net/vk/application/json.mp4',6774028,'{\"owner\": \"Joesph Crooks\"}',3,'2011-10-18 19:28:46','2021-07-19 22:31:37'),(42,17,'https://dropbox.net/vk/application/vnd.ds-keypoint.mp4',4846988,'{\"owner\": \"Aron Gleason\"}',1,'2020-12-20 08:16:24','2021-07-19 22:31:37'),(43,45,'https://dropbox.net/vk/application/vnd.ufdl.jpeg',3902855,'{\"owner\": \"Kasey Kuhic\"}',2,'2015-01-16 16:13:24','2021-07-19 22:31:37'),(44,8,'https://dropbox.net/vk/text/turtle.jpeg',4963313,'{\"owner\": \"Malcolm Ebert\"}',1,'2013-07-13 05:11:49','2021-07-19 22:31:37'),(45,39,'https://dropbox.net/vk/text/vnd.wap.wmlscript.mp3',3098000,'{\"owner\": \"Frances Schuster\"}',3,'2012-02-29 01:04:50','2021-07-19 22:31:37'),(46,72,'https://dropbox.net/vk/text/x-java-source.jpeg',590064,'{\"owner\": \"Shania Turcotte\"}',1,'2015-08-19 06:17:56','2021-07-19 22:31:37'),(47,98,'https://dropbox.net/vk/application/x-blorb.jpeg',3646320,'{\"owner\": \"Valerie Borer\"}',2,'2017-10-13 14:12:39','2021-07-19 22:31:37'),(48,65,'https://dropbox.net/vk/application/vnd.webturbo.mp4',6451407,'{\"owner\": \"Courtney O\'Hara\"}',3,'2017-09-14 14:14:10','2021-07-19 22:31:37'),(49,11,'https://dropbox.net/vk/application/x-msaccess.avi',1308078,'{\"owner\": \"Alessia Bednar\"}',2,'2014-04-02 05:08:06','2021-07-19 22:31:37'),(50,58,'https://dropbox.net/vk/application/vnd.flographit.mp4',7176170,'{\"owner\": \"Vivian Cremin\"}',3,'2011-09-11 10:42:59','2021-07-19 22:31:37'),(51,14,'https://dropbox.net/vk/image/x-tga.png',1946616,'{\"owner\": \"Patience Russel\"}',1,'2012-07-02 09:51:07','2021-07-19 22:31:37'),(52,41,'https://dropbox.net/vk/audio/x-mpegurl.mp4',8194569,'{\"owner\": \"Sabina Kihn\"}',3,'2019-02-07 19:02:34','2021-07-19 22:31:37'),(53,56,'https://dropbox.net/vk/application/x-subrip.avi',5122998,'{\"owner\": \"Jordan Fadel\"}',2,'2017-07-23 01:39:03','2021-07-19 22:31:37'),(54,45,'https://dropbox.net/vk/model/iges.avi',1021286,'{\"owner\": \"Kasey Kuhic\"}',2,'2012-01-03 18:40:29','2021-07-19 22:31:37'),(55,47,'https://dropbox.net/vk/application/x-hdf.mp3',9727438,'{\"owner\": \"Mason Funk\"}',2,'2019-08-24 16:27:51','2021-07-19 22:31:37'),(56,52,'https://dropbox.net/vk/application/vnd.dreamfactory.mp4',5563329,'{\"owner\": \"Desiree Schinner\"}',2,'2016-09-28 21:41:59','2021-07-19 22:31:37'),(57,23,'https://dropbox.net/vk/application/vnd.openxmlformats-officedocument.presentationml.slide.jpeg',8624334,'{\"owner\": \"Collin Quigley\"}',3,'2015-01-22 16:18:33','2021-07-19 22:31:37'),(58,76,'https://dropbox.net/vk/text/troff.jpeg',6421684,'{\"owner\": \"Ara Dietrich\"}',3,'2019-03-11 22:43:47','2021-07-19 22:31:37'),(59,24,'https://dropbox.net/vk/video/h261.mp3',6225418,'{\"owner\": \"Erling Schumm\"}',3,'2020-04-24 11:24:12','2021-07-19 22:31:37'),(60,71,'https://dropbox.net/vk/image/sgi.png',1852039,'{\"owner\": \"Donavon Renner\"}',2,'2019-03-12 10:49:46','2021-07-19 22:31:37'),(61,83,'https://dropbox.net/vk/application/vnd.kde.kspread.avi',573942,'{\"owner\": \"Caleigh Hand\"}',2,'2018-12-03 07:37:49','2021-07-19 22:31:37'),(62,81,'https://dropbox.net/vk/application/vnd.ms-word.document.macroenabled.12.avi',7303595,'{\"owner\": \"Sarai Blick\"}',3,'2017-08-27 16:36:56','2021-07-19 22:31:37'),(63,100,'https://dropbox.net/vk/image/svg+xml.png',4786150,'{\"owner\": \"Janie Schroeder\"}',2,'2012-05-25 03:13:42','2021-07-19 22:31:37'),(64,57,'https://dropbox.net/vk/application/emma+xml.jpeg',2009963,'{\"owner\": \"Houston Spencer\"}',1,'2014-07-17 19:24:07','2021-07-19 22:31:37'),(65,82,'https://dropbox.net/vk/text/richtext.avi',5681369,'{\"owner\": \"Eliza Lemke\"}',1,'2013-01-22 03:43:25','2021-07-19 22:31:37'),(66,82,'https://dropbox.net/vk/application/vnd.uiq.theme.mp4',2366954,'{\"owner\": \"Eliza Lemke\"}',3,'2018-06-24 14:43:34','2021-07-19 22:31:37'),(67,17,'https://dropbox.net/vk/application/vnd.uiq.theme.mp3',4780663,'{\"owner\": \"Aron Gleason\"}',1,'2015-02-11 19:03:50','2021-07-19 22:31:37'),(68,63,'https://dropbox.net/vk/application/ogg.jpeg',6792456,'{\"owner\": \"Dudley Hartmann\"}',3,'2016-11-23 23:07:01','2021-07-19 22:31:37'),(69,76,'https://dropbox.net/vk/image/vnd.fastbidsheet.mp3',9610290,'{\"owner\": \"Ara Dietrich\"}',1,'2015-09-28 18:25:08','2021-07-19 22:31:37'),(70,12,'https://dropbox.net/vk/message/rfc822.mp3',7664084,'{\"owner\": \"Ruthie Schumm\"}',1,'2018-09-11 14:09:32','2021-07-19 22:31:37'),(71,52,'https://dropbox.net/vk/application/vnd.shana.informed.interchange.mp4',9479549,'{\"owner\": \"Desiree Schinner\"}',2,'2020-06-07 15:14:28','2021-07-19 22:31:37'),(72,84,'https://dropbox.net/vk/application/x-msclip.mp4',4395496,'{\"owner\": \"Ezekiel Farrell\"}',3,'2017-07-06 12:38:40','2021-07-19 22:31:37'),(73,33,'https://dropbox.net/vk/image/svg+xml.mp3',3528835,'{\"owner\": \"Meda Ullrich\"}',2,'2017-05-16 13:04:35','2021-07-19 22:31:37'),(74,41,'https://dropbox.net/vk/application/vnd.ezpix-package.png',4447685,'{\"owner\": \"Sabina Kihn\"}',2,'2012-08-19 21:53:31','2021-07-19 22:31:37'),(75,44,'https://dropbox.net/vk/application/vnd.rig.cryptonote.jpeg',1641921,'{\"owner\": \"Isadore Fritsch\"}',1,'2013-10-25 13:13:02','2021-07-19 22:31:37'),(76,18,'https://dropbox.net/vk/application/sbml+xml.mp3',4856551,'{\"owner\": \"Albertha Kuhic\"}',1,'2017-01-31 13:39:26','2021-07-19 22:31:37'),(77,55,'https://dropbox.net/vk/application/vnd.ms-excel.sheet.macroenabled.12.mp3',9346992,'{\"owner\": \"America Satterfield\"}',3,'2017-01-19 17:19:46','2021-07-19 22:31:37'),(78,7,'https://dropbox.net/vk/application/vnd.sun.xml.draw.avi',2155308,'{\"owner\": \"Tod Renner\"}',2,'2014-05-11 10:13:41','2021-07-19 22:31:37'),(79,43,'https://dropbox.net/vk/application/vnd.tao.intent-module-archive.mp4',2725567,'{\"owner\": \"Nedra Kub\"}',2,'2018-03-26 15:15:45','2021-07-19 22:31:37'),(80,64,'https://dropbox.net/vk/video/vnd.dece.hd.png',7151911,'{\"owner\": \"Gardner Schiller\"}',1,'2016-06-22 14:23:43','2021-07-19 22:31:37'),(81,78,'https://dropbox.net/vk/text/vnd.wap.wmlscript.png',7572854,'{\"owner\": \"Jayne Hilpert\"}',2,'2018-10-19 23:28:38','2021-07-19 22:31:37'),(82,19,'https://dropbox.net/vk/application/vnd.adobe.xfdf.mp3',6398538,'{\"owner\": \"Ken Weimann\"}',3,'2013-08-24 19:35:17','2021-07-19 22:31:37'),(83,67,'https://dropbox.net/vk/model/x3d+vrml.mp3',9264129,'{\"owner\": \"Devonte Pfeffer\"}',3,'2013-07-16 18:40:09','2021-07-19 22:31:37'),(84,65,'https://dropbox.net/vk/application/x-ms-wmz.mp3',7115031,'{\"owner\": \"Courtney O\'Hara\"}',2,'2012-11-26 20:19:58','2021-07-19 22:31:37'),(85,89,'https://dropbox.net/vk/application/vnd.epson.quickanime.png',7772768,'{\"owner\": \"Jeffry Beahan\"}',3,'2019-08-03 23:12:41','2021-07-19 22:31:37'),(86,65,'https://dropbox.net/vk/application/mp4.mp4',7508747,'{\"owner\": \"Courtney O\'Hara\"}',2,'2017-02-10 02:10:13','2021-07-19 22:31:37'),(87,41,'https://dropbox.net/vk/audio/vnd.dece.audio.jpeg',4215432,'{\"owner\": \"Sabina Kihn\"}',2,'2018-08-05 17:18:52','2021-07-19 22:31:37'),(88,15,'https://dropbox.net/vk/audio/vnd.rip.png',8540921,'{\"owner\": \"Brannon Denesik\"}',3,'2018-11-26 14:46:25','2021-07-19 22:31:37'),(89,8,'https://dropbox.net/vk/application/vnd.ezpix-package.mp3',48308,'{\"owner\": \"Malcolm Ebert\"}',2,'2019-07-26 17:35:06','2021-07-19 22:31:37'),(90,29,'https://dropbox.net/vk/application/vnd.kde.kchart.avi',4608777,'{\"owner\": \"Lesly Lubowitz\"}',2,'2013-08-06 04:55:53','2021-07-19 22:31:37'),(91,67,'https://dropbox.net/vk/application/vnd.sun.xml.calc.template.mp4',2888963,'{\"owner\": \"Devonte Pfeffer\"}',2,'2012-08-02 11:47:19','2021-07-19 22:31:37'),(92,78,'https://dropbox.net/vk/application/vnd.immervision-ivp.jpeg',608485,'{\"owner\": \"Jayne Hilpert\"}',1,'2014-07-22 17:37:27','2021-07-19 22:31:37'),(93,44,'https://dropbox.net/vk/image/x-xpixmap.mp4',4365537,'{\"owner\": \"Isadore Fritsch\"}',3,'2015-02-02 23:35:46','2021-07-19 22:31:37'),(94,75,'https://dropbox.net/vk/image/g3fax.jpeg',9992232,'{\"owner\": \"Verner Gleichner\"}',3,'2020-06-12 08:51:56','2021-07-19 22:31:37'),(95,48,'https://dropbox.net/vk/video/jpm.mp3',6854547,'{\"owner\": \"Elvis Weber\"}',2,'2017-01-02 00:13:35','2021-07-19 22:31:37'),(96,9,'https://dropbox.net/vk/application/vnd.ezpix-album.mp4',4286041,'{\"owner\": \"Marcelino Ward\"}',1,'2020-11-22 03:57:45','2021-07-19 22:31:37'),(97,83,'https://dropbox.net/vk/application/lost+xml.avi',856566,'{\"owner\": \"Caleigh Hand\"}',1,'2012-02-26 02:41:13','2021-07-19 22:31:37'),(98,18,'https://dropbox.net/vk/text/calendar.mp3',1414709,'{\"owner\": \"Albertha Kuhic\"}',2,'2019-07-08 07:09:13','2021-07-19 22:31:37'),(99,9,'https://dropbox.net/vk/application/vnd.koan.png',4493846,'{\"owner\": \"Marcelino Ward\"}',3,'2013-03-18 15:09:45','2021-07-19 22:31:37'),(100,91,'https://dropbox.net/vk/application/vnd.kenameaapp.mp3',8215105,'{\"owner\": \"Iliana Turner\"}',3,'2015-03-22 16:53:53','2021-07-19 22:31:37');
/*!40000 ALTER TABLE `media` ENABLE KEYS */;
UNLOCK TABLES;

--
-- Table structure for table `media_types`
--

DROP TABLE IF EXISTS `media_types`;
/*!40101 SET @saved_cs_client     = @@character_set_client */;
/*!50503 SET character_set_client = utf8mb4 */;
CREATE TABLE `media_types` (
  `id` int unsigned NOT NULL AUTO_INCREMENT COMMENT 'Идентификатор строки',
  `name` varchar(255) CHARACTER SET utf8mb4 COLLATE utf8mb4_unicode_ci NOT NULL COMMENT 'Название типа',
  `created_at` datetime DEFAULT CURRENT_TIMESTAMP COMMENT 'Время создания строки',
  `updated_at` datetime DEFAULT CURRENT_TIMESTAMP ON UPDATE CURRENT_TIMESTAMP COMMENT 'Время обновления строки',
  PRIMARY KEY (`id`),
  UNIQUE KEY `name` (`name`)
) ENGINE=InnoDB AUTO_INCREMENT=4 DEFAULT CHARSET=utf8mb4 COLLATE=utf8mb4_unicode_ci COMMENT='Типы медиафайлов';
/*!40101 SET character_set_client = @saved_cs_client */;

--
-- Dumping data for table `media_types`
--

LOCK TABLES `media_types` WRITE;
/*!40000 ALTER TABLE `media_types` DISABLE KEYS */;
INSERT INTO `media_types` VALUES (1,'video','2013-01-23 16:36:49','2016-04-28 20:21:07'),(2,'audio','2016-01-19 19:45:20','2017-10-28 10:57:15'),(3,'image','2015-09-14 14:06:39','2021-07-19 22:50:30');
/*!40000 ALTER TABLE `media_types` ENABLE KEYS */;
UNLOCK TABLES;

--
-- Table structure for table `messages`
--

DROP TABLE IF EXISTS `messages`;
/*!40101 SET @saved_cs_client     = @@character_set_client */;
/*!50503 SET character_set_client = utf8mb4 */;
CREATE TABLE `messages` (
  `id` int unsigned NOT NULL AUTO_INCREMENT COMMENT 'Идентификатор строки',
  `from_user_id` int unsigned NOT NULL COMMENT 'Ссылка на отправителя сообщения',
  `to_user_id` int unsigned NOT NULL COMMENT 'Ссылка на получателя сообщения',
  `body` text CHARACTER SET utf8mb4 COLLATE utf8mb4_unicode_ci NOT NULL COMMENT 'Текст сообщения',
  `is_important` tinyint(1) DEFAULT NULL COMMENT 'Признак важности',
  `is_delivered` tinyint(1) DEFAULT NULL COMMENT 'Признак доставки',
  `created_at` datetime DEFAULT CURRENT_TIMESTAMP COMMENT 'Время создания строки',
  PRIMARY KEY (`id`)
) ENGINE=InnoDB AUTO_INCREMENT=101 DEFAULT CHARSET=utf8mb4 COLLATE=utf8mb4_unicode_ci COMMENT='Сообщения';
/*!40101 SET character_set_client = @saved_cs_client */;

--
-- Dumping data for table `messages`
--

LOCK TABLES `messages` WRITE;
/*!40000 ALTER TABLE `messages` DISABLE KEYS */;
INSERT INTO `messages` VALUES (1,56,54,'Tenetur unde magnam aliquid autem.',0,1,'1980-05-10 17:46:36'),(2,10,38,'Voluptatem sint vitae expedita asperiores dolorem.',0,1,'2000-02-26 15:11:25'),(3,84,59,'Non deleniti maiores aut repellat quae consequatur.',1,0,'2000-04-10 18:17:03'),(4,89,13,'Dignissimos aspernatur mollitia rerum ab facilis ratione aspernatur similique.',0,0,'1974-09-23 22:24:43'),(5,94,45,'Ipsum a qui et et qui tempora fugiat.',0,0,'1994-07-06 11:15:51'),(6,1,23,'Tempora corporis necessitatibus et repudiandae amet at.',0,0,'1989-08-20 17:26:22'),(7,22,2,'Aut nostrum id autem tempora tempora molestias nihil.',0,0,'1982-07-03 20:15:30'),(8,8,21,'Excepturi aut perspiciatis ut velit totam.',1,1,'1971-08-04 01:55:44'),(9,72,74,'Amet ratione numquam ipsam sapiente autem ipsum.',1,1,'1983-06-01 19:56:03'),(10,34,44,'Excepturi doloribus eum voluptatem qui.',0,0,'2013-01-08 16:32:31'),(11,56,50,'Labore impedit doloremque laborum et quis quaerat qui.',1,1,'1998-07-16 15:30:23'),(12,78,37,'A consequatur est eos libero.',1,0,'1976-03-25 13:15:07'),(13,19,56,'Et aliquam aut quisquam rerum sit nobis.',0,1,'1997-09-05 18:27:49'),(14,63,26,'Dolorem ex voluptas cumque eum quidem enim.',0,0,'1989-01-07 05:23:44'),(15,54,20,'Voluptas sunt quis vel neque similique et unde atque.',0,0,'1976-05-30 19:58:39'),(16,84,11,'Debitis pariatur atque quasi non modi nam ut recusandae.',1,0,'1979-09-17 06:55:43'),(17,58,64,'Iure dolores ea dolores enim et dolorum dolor.',0,0,'2000-08-09 06:00:42'),(18,35,80,'Dignissimos sit quae totam minima iure.',0,1,'1992-03-12 13:32:26'),(19,1,94,'Voluptatibus tempora aut ipsum laboriosam accusamus.',0,0,'1996-01-08 13:14:31'),(20,98,34,'Itaque tempora accusamus et ratione.',1,1,'1996-05-11 16:47:56'),(21,88,5,'Qui molestias voluptatibus illo quis et.',1,1,'1971-04-20 14:20:35'),(22,44,4,'Reiciendis accusamus qui fuga totam repellat.',0,1,'1974-04-15 21:19:02'),(23,56,16,'Non est ratione reiciendis quia.',1,1,'2021-01-23 01:03:49'),(24,46,36,'Rerum dolorem aut in sequi qui aut laudantium molestiae.',1,0,'1999-12-30 17:51:58'),(25,63,51,'Qui non voluptas rerum quo quaerat dolor enim earum.',0,1,'1994-02-19 10:57:52'),(26,77,7,'Explicabo quia modi quidem vero molestiae quis qui.',1,0,'2007-03-05 07:54:28'),(27,93,98,'In voluptates iste quas quasi.',1,1,'2012-09-18 11:37:15'),(28,35,75,'Et mollitia quo qui est perferendis.',1,1,'1991-02-25 14:48:27'),(29,96,47,'Sit eum nostrum et ducimus.',0,0,'2005-08-21 15:18:07'),(30,75,59,'Voluptas dolorum nostrum eos sed ab id dolore.',1,0,'1993-08-16 18:10:18'),(31,88,10,'Officiis repellendus beatae explicabo eum et eum voluptatem.',1,1,'1988-04-20 12:04:26'),(32,11,1,'Voluptatem laborum distinctio tenetur officia quam.',1,0,'1977-08-21 18:02:28'),(33,93,97,'Quasi sint molestias itaque sint minus ad.',0,1,'2005-05-03 23:41:59'),(34,29,69,'Harum fugit consequuntur sint vel.',1,1,'1980-07-27 09:46:11'),(35,68,13,'Delectus enim debitis nostrum quia dolor dolorem consequuntur.',1,1,'1992-08-17 14:59:59'),(36,51,41,'Omnis pariatur temporibus laudantium veniam praesentium libero.',1,1,'1998-09-20 08:39:45'),(37,51,91,'Iusto quia sapiente beatae pariatur necessitatibus inventore eius.',1,1,'1985-03-25 00:56:38'),(38,1,15,'Unde nisi rerum maxime sed.',1,1,'1972-06-14 14:30:30'),(39,52,61,'Laudantium molestias qui voluptates.',1,0,'1975-09-04 02:05:30'),(40,58,65,'Aut aut est incidunt unde qui architecto autem.',0,0,'1990-05-05 18:31:21'),(41,33,58,'Voluptas modi cumque quos consequatur.',0,1,'2006-01-17 07:08:17'),(42,92,11,'Non quia consequatur adipisci reiciendis.',0,0,'2007-01-22 09:35:56'),(43,59,1,'Doloremque ad vitae rem eaque fugiat repellendus quam voluptatem.',1,0,'1981-12-04 17:28:02'),(44,17,14,'Voluptatem omnis distinctio et libero debitis.',1,1,'2007-03-12 11:45:58'),(45,8,36,'Possimus praesentium tenetur consequatur quam fugiat.',0,0,'2012-07-07 05:22:27'),(46,88,20,'Ex voluptates non laudantium blanditiis aliquam non rerum.',0,1,'1991-02-12 19:01:19'),(47,18,24,'Error voluptatem officiis odio in eius.',1,1,'1987-08-19 09:41:48'),(48,22,100,'Quos molestiae non non veritatis qui sit.',0,0,'1978-11-30 17:28:06'),(49,58,100,'Sint dolor rerum necessitatibus in fugiat sequi aperiam.',0,0,'1993-11-06 00:10:57'),(50,23,18,'Quae non ipsam eos dignissimos.',1,1,'2012-10-26 16:28:43'),(51,38,34,'Officiis velit dolorum veritatis expedita blanditiis consectetur nobis.',1,1,'1994-09-08 14:58:49'),(52,24,4,'Libero a impedit quod nostrum.',1,0,'2020-04-08 12:38:39'),(53,5,21,'Eos vero sunt voluptas libero sunt.',1,0,'1982-08-29 05:50:27'),(54,51,49,'Culpa dolorum mollitia voluptate.',0,1,'1986-01-03 18:31:51'),(55,40,40,'Quod aut quia nulla qui beatae.',1,1,'1973-08-24 12:12:02'),(56,45,72,'Sunt maxime praesentium voluptas sint nemo.',1,1,'1970-03-23 23:19:29'),(57,5,56,'Et nulla et voluptas velit porro enim tempore.',0,1,'1983-10-24 05:16:10'),(58,92,38,'Est quos qui magnam quidem.',1,1,'2004-08-15 23:41:00'),(59,42,47,'Aut omnis molestias laudantium corrupti.',1,1,'2020-06-29 16:00:42'),(60,36,3,'Sunt accusantium possimus et ipsum ipsum voluptas in.',0,0,'1997-03-01 18:14:22'),(61,51,96,'Voluptas rerum iste rerum ut quam culpa.',0,1,'2003-06-04 01:53:12'),(62,48,56,'Odio beatae in voluptas autem est et.',1,0,'1987-06-30 03:22:07'),(63,87,3,'Facere culpa et quia aperiam expedita fugiat qui.',1,1,'1975-11-07 03:14:03'),(64,90,93,'Sed pariatur ea illum sapiente.',1,1,'2010-10-18 12:53:12'),(65,88,25,'Omnis quia aliquid quia rerum consectetur quibusdam dolorem hic.',0,1,'2008-07-18 09:27:21'),(66,69,16,'Qui illo dignissimos dolorem non consequatur.',0,1,'2002-12-23 22:00:34'),(67,80,33,'Necessitatibus voluptatem quibusdam et eveniet.',0,1,'2001-02-07 12:45:28'),(68,91,16,'Sunt officia quo dolor rem provident deleniti adipisci.',0,1,'2019-05-21 05:30:19'),(69,18,30,'Quaerat illo vel est ea.',1,1,'1975-01-03 00:20:38'),(70,13,94,'Quos aperiam qui sed pariatur.',0,0,'1982-07-25 02:27:15'),(71,14,80,'Similique aut ut corporis et accusantium ut laboriosam omnis.',1,0,'1995-10-02 12:55:18'),(72,28,88,'Culpa sunt cum facilis rerum in.',1,0,'2013-01-16 10:36:36'),(73,98,5,'Nobis vitae sed enim omnis quia corporis aliquam.',0,0,'1977-06-06 21:34:20'),(74,6,80,'Reprehenderit et qui accusantium sunt vitae aliquid nemo.',0,1,'1998-07-07 13:57:43'),(75,35,1,'Veniam fugiat quisquam beatae ullam magni dolorum.',1,0,'1988-05-03 23:09:51'),(76,56,41,'Et libero vero sapiente dolore amet consequatur illo aperiam.',0,0,'1981-05-23 03:16:08'),(77,77,100,'Deleniti impedit et dolor doloremque inventore dolore.',1,1,'1979-06-19 03:20:25'),(78,15,24,'Quia molestias fugit qui.',1,0,'1970-03-28 15:06:03'),(79,42,40,'Tempora aperiam quasi rerum quo aut sapiente.',0,1,'1973-12-16 01:23:20'),(80,64,99,'Non quia beatae in vitae voluptas.',0,1,'1980-04-20 17:50:40'),(81,95,42,'Ipsum illum animi sint veritatis.',1,1,'1971-04-24 04:58:53'),(82,81,74,'Alias quas molestiae autem temporibus sit.',1,1,'2004-11-25 11:48:39'),(83,21,3,'Dolor sint sit ab ea reiciendis voluptatibus.',0,1,'1974-06-09 11:01:12'),(84,61,63,'Et reprehenderit qui aliquam autem architecto optio ut.',1,0,'1997-04-13 05:00:37'),(85,41,23,'Deserunt et quis ut quas rem voluptatem aut.',1,1,'1998-01-22 04:16:31'),(86,23,42,'Et officiis natus quia veritatis praesentium ut dolor distinctio.',0,0,'1997-08-16 21:53:49'),(87,90,34,'Autem nisi et cum non.',0,1,'2019-03-26 10:10:13'),(88,80,78,'Qui repellat facere provident perspiciatis quia ut sint.',0,0,'1984-05-26 01:12:38'),(89,31,79,'Qui enim assumenda ut quod sed illum corporis.',0,1,'2007-02-09 10:44:34'),(90,13,80,'Rerum quae numquam et exercitationem quo officia laudantium quia.',1,0,'2013-09-18 13:39:20'),(91,70,80,'Beatae sit sit ut illum libero aut.',1,0,'2006-06-09 18:47:11'),(92,12,75,'Earum doloribus sunt earum commodi at suscipit eveniet.',1,0,'1976-04-06 18:13:45'),(93,51,36,'Delectus deserunt est minima ea ut.',0,0,'2017-04-02 12:42:55'),(94,18,83,'Quaerat vero ducimus quia enim ipsum repellendus.',1,0,'1992-02-20 13:30:42'),(95,35,67,'Incidunt odit totam dignissimos qui quo dolore.',0,0,'1981-04-25 20:10:37'),(96,21,61,'Eum cum dolor qui sunt exercitationem ea veritatis consequatur.',0,1,'1974-11-02 11:49:20'),(97,100,99,'Soluta repellendus ab qui quis accusamus modi et.',1,0,'1978-09-01 10:44:18'),(98,35,100,'Voluptate omnis architecto ut ab totam.',0,0,'2010-10-14 03:24:44'),(99,75,76,'Itaque totam accusamus eos omnis consequuntur.',1,1,'1993-01-25 05:13:30'),(100,72,28,'Dolorem qui ex ad et.',0,1,'2008-04-07 02:34:07');
/*!40000 ALTER TABLE `messages` ENABLE KEYS */;
UNLOCK TABLES;

--
-- Table structure for table `profiles`
--

DROP TABLE IF EXISTS `profiles`;
/*!40101 SET @saved_cs_client     = @@character_set_client */;
/*!50503 SET character_set_client = utf8mb4 */;
CREATE TABLE `profiles` (
  `user_id` int unsigned NOT NULL COMMENT 'Ссылка на пользователя',
  `gender` enum('Male','Female','None') COLLATE utf8mb4_unicode_ci DEFAULT NULL,
  `birthday` date DEFAULT NULL COMMENT 'Дата рождения',
  `city_id` int unsigned DEFAULT NULL COMMENT 'Ссылка на город проживания',
  `created_at` datetime DEFAULT CURRENT_TIMESTAMP COMMENT 'Время создания строки',
  `updated_at` datetime DEFAULT CURRENT_TIMESTAMP ON UPDATE CURRENT_TIMESTAMP COMMENT 'Время обновления строки',
  PRIMARY KEY (`user_id`)
) ENGINE=InnoDB DEFAULT CHARSET=utf8mb4 COLLATE=utf8mb4_unicode_ci COMMENT='Профили';
/*!40101 SET character_set_client = @saved_cs_client */;

--
-- Dumping data for table `profiles`
--

LOCK TABLES `profiles` WRITE;
/*!40000 ALTER TABLE `profiles` DISABLE KEYS */;
INSERT INTO `profiles` VALUES (1,'Male','1989-05-24',20,'2011-07-16 10:59:33','2021-07-17 13:42:23'),(2,'Female','1994-06-14',77,'2011-09-03 08:34:08','2021-07-17 13:42:25'),(3,'Male','2001-09-03',4,'2011-09-14 02:27:35','2021-07-17 13:42:23'),(4,'Female','1973-01-05',85,'2011-12-12 12:20:06','2021-07-17 13:42:25'),(5,'Female','1996-01-18',60,'2011-12-15 06:42:22','2021-07-17 13:42:25'),(6,'None','1989-09-30',38,'2012-01-05 09:54:19','2021-07-17 13:39:53'),(7,'Male','1977-03-11',16,'2012-03-25 08:15:01','2021-07-17 13:42:23'),(8,'Male','2018-07-22',12,'2012-06-30 12:33:51','2021-07-17 13:42:23'),(9,'Female','2009-06-10',37,'2012-07-26 00:12:50','2021-07-17 13:42:25'),(10,'None','2009-04-23',17,'2012-08-03 12:19:30','2021-07-17 13:39:53'),(11,'Female','2019-03-03',10,'2012-10-06 07:16:00','2021-07-17 13:42:25'),(12,'Male','1988-08-15',70,'2012-10-15 03:47:45','2021-07-17 13:42:23'),(13,'None','1987-05-21',47,'2012-10-31 08:01:50','2021-07-17 13:39:53'),(14,'Male','2006-07-05',20,'2013-01-13 13:22:28','2021-07-17 13:42:23'),(15,'Male','1994-06-29',87,'2013-01-13 15:06:38','2021-07-17 13:42:23'),(16,'Male','1989-11-23',33,'2013-06-18 03:13:25','2021-07-17 13:42:23'),(17,'Male','1995-04-19',75,'2013-06-30 16:26:55','2021-07-17 13:42:23'),(18,'Female','1989-08-12',90,'2013-07-13 17:33:36','2021-07-17 13:42:25'),(19,'Female','2000-01-01',85,'2013-07-21 09:56:13','2021-07-17 13:42:25'),(20,'Female','1997-03-05',11,'2013-08-12 07:04:51','2021-07-17 13:42:25'),(21,'Female','1973-07-26',76,'2013-09-21 04:42:30','2021-07-17 13:42:25'),(22,'None','1976-03-09',39,'2013-10-20 21:48:18','2021-07-17 13:39:53'),(23,'Female','1982-06-06',84,'2014-02-13 00:11:57','2021-07-17 13:42:25'),(24,'Male','1997-02-01',92,'2014-03-07 01:06:23','2021-07-17 13:42:23'),(25,'Male','1995-12-25',98,'2014-03-20 11:49:17','2021-07-17 13:42:23'),(26,'Female','2014-08-26',17,'2014-04-03 10:02:20','2021-07-17 13:42:25'),(27,'Male','1989-09-27',42,'2014-04-12 07:39:19','2021-07-17 13:42:23'),(28,'Male','1992-10-06',70,'2014-04-16 22:17:23','2021-07-17 13:42:23'),(29,'Female','1982-12-14',87,'2014-05-01 02:52:14','2021-07-17 13:42:25'),(30,'Female','2016-07-03',8,'2014-05-08 04:50:49','2021-07-17 13:42:25'),(31,'Male','1971-03-23',94,'2014-05-17 12:42:06','2021-07-17 13:42:23'),(32,'Male','1994-06-17',6,'2014-07-29 08:02:43','2021-07-17 13:42:23'),(33,'None','2014-06-26',84,'2014-12-04 01:57:50','2021-07-17 13:39:53'),(34,'None','1972-10-08',97,'2014-12-13 17:33:54','2021-07-17 13:39:53'),(35,'Female','2013-11-24',90,'2015-02-17 03:53:11','2021-07-17 13:42:25'),(36,'None','1988-04-19',44,'2015-03-31 23:40:35','2021-07-17 13:39:53'),(37,'None','1994-01-09',34,'2015-05-05 07:10:29','2021-07-17 13:39:53'),(38,'Female','2021-06-02',6,'2015-05-13 06:13:21','2021-07-17 13:42:25'),(39,'Male','2020-07-30',55,'2015-08-05 03:56:51','2021-07-17 13:42:23'),(40,'Male','1984-10-12',71,'2015-10-08 07:32:02','2021-07-17 13:42:23'),(41,'Female','2012-09-13',22,'2015-12-08 22:56:38','2021-07-17 13:42:25'),(42,'None','2014-03-30',65,'2016-01-04 23:03:46','2021-07-17 13:39:53'),(43,'None','1980-06-02',41,'2016-01-26 18:14:44','2021-07-17 13:39:53'),(44,'Male','1982-01-08',69,'2016-03-02 10:47:54','2021-07-17 13:42:23'),(45,'Female','1979-03-17',85,'2016-04-11 07:10:43','2021-07-17 13:42:25'),(46,'Female','2011-06-11',27,'2016-04-22 14:54:33','2021-07-17 13:42:25'),(47,'Male','2007-01-14',2,'2016-11-13 16:46:24','2021-07-17 13:42:23'),(48,'Female','2015-09-11',59,'2016-12-05 18:00:00','2021-07-17 13:42:25'),(49,'Female','2001-01-29',17,'2016-12-06 19:17:16','2021-07-17 13:42:25'),(50,'Female','1994-10-16',87,'2017-01-09 19:53:08','2021-07-17 13:42:25'),(51,'Male','2021-05-18',70,'2017-01-16 17:25:44','2021-07-17 13:42:23'),(52,'Female','1980-04-03',93,'2017-06-17 21:16:31','2021-07-17 13:42:25'),(53,'None','2010-08-23',25,'2017-06-24 02:01:49','2021-07-17 13:39:53'),(54,'Male','1986-01-11',54,'2017-07-29 23:21:35','2021-07-17 13:42:23'),(55,'None','1971-02-06',85,'2017-08-11 13:39:38','2021-07-17 13:39:53'),(56,'None','1980-11-08',23,'2017-10-10 07:47:05','2021-07-17 13:39:53'),(57,'Male','2013-02-22',70,'2017-11-19 09:30:07','2021-07-17 13:42:23'),(58,'None','1981-07-30',26,'2018-01-09 01:00:36','2021-07-17 13:39:53'),(59,'None','1993-05-20',93,'2018-01-11 21:52:09','2021-07-17 13:39:53'),(60,'Male','1985-04-27',56,'2018-01-12 14:56:26','2021-07-17 13:42:23'),(61,'None','1977-12-16',34,'2018-01-16 21:53:08','2021-07-17 13:39:53'),(62,'Male','1993-03-12',86,'2018-01-20 01:40:13','2021-07-17 13:42:23'),(63,'Male','2011-08-16',62,'2018-05-27 09:24:40','2021-07-17 13:42:23'),(64,'Male','1982-03-26',18,'2018-06-01 23:40:29','2021-07-17 13:42:23'),(65,'None','2007-08-01',83,'2018-06-28 18:43:50','2021-07-17 13:39:53'),(66,'Female','1998-01-19',52,'2018-08-06 05:11:46','2021-07-17 13:42:25'),(67,'None','1998-10-07',61,'2018-09-04 00:50:49','2021-07-17 13:39:53'),(68,'None','1978-10-22',16,'2018-09-10 14:14:37','2021-07-17 13:39:53'),(69,'None','1990-11-20',57,'2018-09-16 06:20:50','2021-07-17 13:39:53'),(70,'Female','2015-04-05',16,'2018-09-26 13:50:51','2021-07-17 13:42:25'),(71,'Female','2015-12-04',86,'2018-10-10 17:12:22','2021-07-17 13:42:25'),(72,'Male','1988-02-16',79,'2018-12-09 22:55:53','2021-07-17 13:42:23'),(73,'Female','2021-03-20',81,'2018-12-09 22:57:16','2021-07-17 13:42:25'),(74,'Female','1975-04-06',27,'2019-01-04 08:24:33','2021-07-17 13:42:25'),(75,'None','2007-02-22',48,'2019-02-07 10:18:18','2021-07-17 13:39:53'),(76,'Female','1986-11-10',65,'2019-02-15 07:05:45','2021-07-17 13:42:25'),(77,'None','1986-10-25',53,'2019-02-21 06:02:47','2021-07-17 13:39:53'),(78,'Male','1994-03-19',49,'2019-02-27 19:31:34','2021-07-17 13:42:23'),(79,'Male','2003-06-24',24,'2019-02-27 19:40:16','2021-07-17 13:42:23'),(80,'Female','2004-10-07',70,'2019-03-20 13:21:13','2021-07-17 13:42:25'),(81,'Female','1976-02-14',36,'2019-03-28 20:26:09','2021-07-17 13:42:25'),(82,'Male','2010-03-19',94,'2019-04-07 22:37:34','2021-07-17 13:42:23'),(83,'Female','2009-03-27',62,'2019-07-07 04:49:08','2021-07-17 13:42:25'),(84,'Male','2015-10-31',60,'2019-07-29 15:20:06','2021-07-17 13:42:23'),(85,'Male','1981-07-15',47,'2019-08-10 05:33:45','2021-07-17 13:42:23'),(86,'Female','1998-06-25',46,'2019-08-30 20:43:12','2021-07-17 13:42:25'),(87,'Male','2019-05-06',82,'2019-09-08 18:51:23','2021-07-17 13:42:23'),(88,'Male','2018-07-29',17,'2019-10-15 13:01:11','2021-07-17 13:42:23'),(89,'Female','2019-12-31',72,'2019-10-28 14:14:12','2021-07-17 13:42:25'),(90,'None','1973-04-26',74,'2020-01-31 04:20:18','2021-07-17 13:39:53'),(91,'Female','2002-10-25',72,'2020-02-23 09:41:48','2021-07-17 13:42:25'),(92,'None','1989-07-29',6,'2020-04-29 17:23:30','2021-07-17 13:39:53'),(93,'Female','1985-04-22',60,'2020-05-02 03:10:33','2021-07-17 13:42:25'),(94,'Female','1978-10-06',34,'2020-05-05 15:41:31','2021-07-17 13:42:25'),(95,'Female','1974-04-24',23,'2020-10-13 01:57:12','2021-07-17 13:42:25'),(96,'Female','2017-10-31',42,'2021-01-01 01:48:12','2021-07-17 13:42:25'),(97,'Male','1971-09-22',85,'2021-01-12 09:11:06','2021-07-17 13:42:23'),(98,'Male','1988-08-01',84,'2021-03-18 22:31:26','2021-07-17 13:42:23'),(99,'Female','2004-04-01',58,'2021-05-02 07:57:50','2021-07-17 13:42:25'),(100,'Male','2012-08-29',42,'2021-05-29 08:45:16','2021-07-17 13:42:23');
/*!40000 ALTER TABLE `profiles` ENABLE KEYS */;
UNLOCK TABLES;

--
-- Table structure for table `users`
--

DROP TABLE IF EXISTS `users`;
/*!40101 SET @saved_cs_client     = @@character_set_client */;
/*!50503 SET character_set_client = utf8mb4 */;
CREATE TABLE `users` (
  `id` int unsigned NOT NULL AUTO_INCREMENT COMMENT 'Идентификатор строки',
  `first_name` varchar(100) CHARACTER SET utf8mb4 COLLATE utf8mb4_unicode_ci NOT NULL COMMENT 'Имя пользователя',
  `last_name` varchar(100) CHARACTER SET utf8mb4 COLLATE utf8mb4_unicode_ci NOT NULL COMMENT 'Фамилия пользователя',
  `email` varchar(100) CHARACTER SET utf8mb4 COLLATE utf8mb4_unicode_ci NOT NULL COMMENT 'Почта',
  `phone` varchar(100) CHARACTER SET utf8mb4 COLLATE utf8mb4_unicode_ci NOT NULL COMMENT 'Телефон',
  `created_at` datetime DEFAULT CURRENT_TIMESTAMP COMMENT 'Время создания строки',
  `updated_at` datetime DEFAULT CURRENT_TIMESTAMP ON UPDATE CURRENT_TIMESTAMP COMMENT 'Время обновления строки',
  PRIMARY KEY (`id`),
  UNIQUE KEY `email` (`email`),
  UNIQUE KEY `phone` (`phone`)
) ENGINE=InnoDB AUTO_INCREMENT=101 DEFAULT CHARSET=utf8mb4 COLLATE=utf8mb4_unicode_ci COMMENT='Пользователи';
/*!40101 SET character_set_client = @saved_cs_client */;

--
-- Dumping data for table `users`
--

LOCK TABLES `users` WRITE;
/*!40000 ALTER TABLE `users` DISABLE KEYS */;
INSERT INTO `users` VALUES (1,'Norris','Durgan','josefa.jerde@example.com','1-930-149-1861','2018-01-11 21:52:09','2021-07-17 12:51:07'),(2,'Louisa','Harvey','kavon.spinka@example.org','494-490-7343x07045','2019-02-27 19:40:16','2021-03-29 05:12:41'),(3,'Tomasa','Stanton','ydonnelly@example.org','1-222-803-5437','2018-09-10 14:14:37','2021-07-17 12:51:07'),(4,'Kip','Jenkins','nerdman@example.com','+45(8)3295335861','2014-12-04 01:57:50','2019-05-19 04:56:52'),(5,'Retha','Hettinger','buckridge.rahsaan@example.net','(828)552-8109x864','2018-12-09 22:55:53','2021-07-17 12:51:07'),(6,'Cassandra','Cummings','miller.elsie@example.com','+69(2)5108528529','2016-01-26 18:14:44','2021-07-17 12:51:07'),(7,'Tod','Renner','hettinger.leila@example.org','+48(5)6700862620','2017-11-19 09:30:07','2019-10-08 20:00:35'),(8,'Malcolm','Ebert','edurgan@example.com','138-947-3223x9468','2016-12-05 18:00:00','2021-07-17 12:51:07'),(9,'Marcelino','Ward','ahodkiewicz@example.org','1-953-792-7874','2018-01-09 01:00:36','2021-07-17 12:51:07'),(10,'Cordie','Bayer','wilkinson.roberto@example.net','1-053-793-2490x510','2016-04-22 14:54:33','2021-07-17 12:51:07'),(11,'Alessia','Bednar','parker.jamaal@example.net','09657419242','2013-08-12 07:04:51','2018-11-26 01:13:23'),(12,'Ruthie','Schumm','everette.o\'connell@example.org','270.543.3492x63075','2017-06-24 02:01:49','2020-07-28 16:40:22'),(13,'Talon','McCullough','xavier.langosh@example.com','396.223.1634','2015-10-08 07:32:02','2021-07-17 12:51:07'),(14,'Patience','Russel','reichel.connor@example.net','+51(1)8734989614','2019-02-27 19:31:34','2021-07-17 12:51:07'),(15,'Brannon','Denesik','josh.champlin@example.com','09887601686','2018-12-09 22:57:16','2019-08-20 01:07:00'),(16,'Joesph','Crooks','ora.christiansen@example.com','09297192232','2019-10-28 14:14:12','2021-07-17 12:51:07'),(17,'Aron','Gleason','graham.leonard@example.org','(360)459-2557x78332','2015-03-31 23:40:35','2021-07-17 12:51:07'),(18,'Albertha','Kuhic','ikeebler@example.net','+01(8)3494936556','2018-08-06 05:11:46','2021-07-17 12:51:07'),(19,'Ken','Weimann','ltorphy@example.net','387-792-2321x7881','2012-03-25 08:15:01','2021-03-08 01:11:45'),(20,'Jeffery','Miller','noah72@example.com','666-771-0553','2012-08-03 12:19:30','2013-07-19 02:31:08'),(21,'Jaime','Marvin','kamille59@example.net','(722)208-4809','2020-04-29 17:23:30','2021-07-17 12:51:07'),(22,'Trycia','Pagac','elwin41@example.org','384.478.0207','2013-07-21 09:56:13','2015-02-18 22:16:38'),(23,'Collin','Quigley','naomie87@example.org','1-458-736-7528x658','2014-02-13 00:11:57','2021-07-17 12:51:07'),(24,'Erling','Schumm','gleichner.king@example.com','816.112.8208x63939','2014-03-07 01:06:23','2015-01-05 22:11:41'),(25,'Clemens','Lemke','rosalind02@example.net','1-241-264-2180x7162','2012-06-30 12:33:51','2013-11-07 18:41:02'),(26,'Kelsi','Schuppe','xdoyle@example.net','842.319.5217x3327','2011-12-15 06:42:22','2019-09-18 06:00:16'),(27,'Evan','Emmerich','america.hilpert@example.org','+03(7)3227478830','2018-06-01 23:40:29','2021-07-17 12:51:07'),(28,'Haylee','Cartwright','o\'keefe.alvah@example.org','(092)210-5623x005','2012-01-05 09:54:19','2015-10-12 19:01:27'),(29,'Lesly','Lubowitz','senger.tremayne@example.org','(531)547-6695','2012-10-31 08:01:50','2012-12-18 13:04:32'),(30,'Destini','Botsford','braun.al@example.org','762.723.0081x8840','2020-02-23 09:41:48','2021-07-17 12:51:07'),(31,'Anabelle','Gutmann','mona07@example.com','959.982.2231','2019-02-21 06:02:47','2021-06-16 17:23:42'),(32,'Elias','Dickinson','darren83@example.net','(716)846-7594x550','2018-01-16 21:53:08','2021-07-17 12:51:07'),(33,'Meda','Ullrich','johns.sean@example.net','+88(0)2342606469','2019-07-07 04:49:08','2021-07-17 12:51:07'),(34,'Cortney','Abbott','magali.mccullough@example.net','069-153-5375x158','2017-07-29 23:21:35','2019-06-10 17:42:25'),(35,'Cassie','Considine','lhilll@example.net','1-910-576-4513x331','2018-09-16 06:20:50','2019-10-26 18:40:24'),(36,'Tamia','Stracke','bud.towne@example.net','+46(4)4780067776','2013-07-13 17:33:36','2017-09-18 23:57:01'),(37,'Napoleon','Beahan','celestine45@example.org','875.867.4932','2015-08-05 03:56:51','2021-07-17 12:51:07'),(38,'Geovanny','Erdman','adelle.hane@example.org','252.967.4872x8216','2012-10-15 03:47:45','2014-02-18 06:36:20'),(39,'Frances','Schuster','tyrell47@example.net','+52(2)4491958095','2021-01-01 01:48:12','2021-07-17 12:51:07'),(40,'Alana','Heidenreich','tnolan@example.org','305.999.5611x070','2014-03-20 11:49:17','2021-07-17 12:51:07'),(41,'Sabina','Kihn','labadie.adolf@example.com','1-832-551-3382x5292','2013-01-13 13:22:28','2013-05-25 04:10:22'),(42,'Olaf','Zboncak','janis67@example.org','356-393-3528x9871','2013-10-20 21:48:18','2017-09-26 19:18:28'),(43,'Nedra','Kub','ocremin@example.org','1-242-444-3947','2015-05-05 07:10:29','2017-03-28 03:58:13'),(44,'Isadore','Fritsch','umedhurst@example.org','916-080-9341x83426','2014-12-13 17:33:54','2021-07-17 12:51:07'),(45,'Kasey','Kuhic','kertzmann.stanley@example.org','07352040007','2020-05-05 15:41:31','2021-07-17 12:51:07'),(46,'Kristina','Wiegand','lpadberg@example.net','392-347-4562x744','2020-01-31 04:20:18','2021-07-17 12:51:07'),(47,'Mason','Funk','eulah93@example.org','1-487-744-2164x0678','2015-05-13 06:13:21','2016-06-19 13:57:12'),(48,'Elvis','Weber','kaleigh82@example.net','1-317-650-6941','2019-08-10 05:33:45','2019-11-07 05:48:57'),(49,'Jalen','Harris','htromp@example.net','422-324-3818','2016-12-06 19:17:16','2021-07-17 12:51:07'),(50,'Trent','Kunde','elaina65@example.org','851-436-5858','2019-03-28 20:26:09','2020-10-03 04:33:33'),(51,'Cindy','Parisian','tyreek.ondricka@example.com','(248)875-5650x005','2014-05-08 04:50:49','2016-06-10 20:44:58'),(52,'Desiree','Schinner','destiney.lehner@example.com','(602)774-2769','2021-05-29 08:45:16','2021-07-17 12:51:07'),(53,'Zola','Waters','carroll.daphney@example.com','1-288-979-8992','2019-02-15 07:05:45','2021-07-17 12:51:07'),(54,'Dell','Dickinson','qnolan@example.net','293-574-3274x25803','2019-04-07 22:37:34','2021-07-17 12:51:07'),(55,'America','Satterfield','carlie28@example.org','394.089.5325','2012-07-26 00:12:50','2013-11-25 17:37:44'),(56,'Jordan','Fadel','koss.tyrel@example.com','(588)936-2354x55837','2019-10-15 13:01:11','2021-07-17 12:51:07'),(57,'Houston','Spencer','zkohler@example.org','+27(1)1528015551','2019-02-07 10:18:18','2021-07-17 12:51:07'),(58,'Vivian','Cremin','kozey.litzy@example.net','267-890-4812','2019-09-08 18:51:23','2021-07-17 12:51:07'),(59,'Brendon','Wehner','hhamill@example.org','439-501-1239x2752','2020-10-13 01:57:12','2021-07-17 12:51:07'),(60,'Bobby','Lemke','aurelia86@example.com','275-997-4548x099','2014-04-03 10:02:20','2021-07-17 12:51:07'),(61,'Emie','Satterfield','vincenza44@example.com','218-579-3454','2014-05-01 02:52:14','2019-11-18 19:06:11'),(62,'Cordia','Runte','garrick.wyman@example.com','1-048-162-7379','2014-07-29 08:02:43','2019-09-17 05:51:07'),(63,'Dudley','Hartmann','johns.zechariah@example.org','08312360077','2016-11-13 16:46:24','2021-07-17 12:51:07'),(64,'Gardner','Schiller','darrell.ernser@example.org','600-856-4223','2011-12-12 12:20:06','2017-12-09 13:41:52'),(65,'Courtney','O\'Hara','fleffler@example.com','00468761328','2018-09-26 13:50:51','2021-07-17 12:51:07'),(66,'Aric','Zboncak','luz91@example.com','(818)065-0465','2014-04-12 07:39:19','2021-04-13 00:35:04'),(67,'Devonte','Pfeffer','maiya.feeney@example.net','05551208080','2013-01-13 15:06:38','2014-09-30 01:10:00'),(68,'Tamara','Hand','veffertz@example.net','00081172396','2021-01-12 09:11:06','2021-07-17 12:51:07'),(69,'Albertha','Feil','hayes.antonetta@example.org','1-245-146-4265x825','2020-05-02 03:10:33','2021-07-01 03:25:09'),(70,'Nelda','Padberg','block.rene@example.org','1-201-128-1806x97488','2018-10-10 17:12:22','2020-10-25 19:24:51'),(71,'Donavon','Renner','wpadberg@example.net','772.761.4113','2011-09-14 02:27:35','2018-08-05 15:31:22'),(72,'Shania','Turcotte','raynor.jaylen@example.org','951-650-0710','2016-04-11 07:10:43','2020-03-18 12:10:21'),(73,'Belle','Bruen','hickle.mckenna@example.com','047.465.8147x20125','2017-01-09 19:53:08','2019-11-02 00:56:22'),(74,'Rosamond','Friesen','ocollier@example.org','(753)918-2455','2018-01-20 01:40:13','2021-07-17 12:51:07'),(75,'Verner','Gleichner','beer.bettye@example.org','(675)181-7382','2017-01-16 17:25:44','2020-02-17 07:04:04'),(76,'Ara','Dietrich','millie.roob@example.net','734-746-2621x5582','2011-09-03 08:34:08','2014-09-02 09:57:03'),(77,'Sandy','Hudson','schultz.clarissa@example.net','288-678-7876','2021-03-18 22:31:26','2021-07-17 12:51:07'),(78,'Jayne','Hilpert','ustiedemann@example.org','(690)808-7105x353','2018-06-28 18:43:50','2021-07-17 12:51:07'),(79,'Gregorio','Runolfsdottir','pablo85@example.com','1-270-814-4726','2021-05-02 07:57:50','2021-07-17 12:51:07'),(80,'Liliane','Koelpin','filomena03@example.net','(188)583-3489x092','2018-01-12 14:56:26','2021-07-17 12:51:07'),(81,'Sarai','Blick','michael69@example.org','(704)164-5743','2015-02-17 03:53:11','2019-08-05 22:38:20'),(82,'Eliza','Lemke','boehm.jalyn@example.org','09380374621','2013-09-21 04:42:30','2018-09-24 09:03:49'),(83,'Caleigh','Hand','tsmitham@example.com','1-616-377-1056x277','2016-03-02 10:47:54','2020-05-19 03:35:59'),(84,'Ezekiel','Farrell','kirlin.krystal@example.net','(946)292-0879','2016-01-04 23:03:46','2019-02-18 15:04:39'),(85,'Guiseppe','Ruecker','eprice@example.com','1-958-452-8098','2017-08-11 13:39:38','2019-04-23 23:34:20'),(86,'Adrianna','Jast','zwindler@example.com','(608)223-9896','2019-08-30 20:43:12','2021-07-17 12:51:07'),(87,'Rhianna','Rogahn','kshlerin.eve@example.com','931-115-0713','2011-07-16 10:59:33','2016-10-11 11:45:37'),(88,'Elody','Prosacco','ramona01@example.com','151-011-3896','2013-06-30 16:26:55','2021-07-17 12:51:07'),(89,'Jeffry','Beahan','antonietta.collins@example.com','964-611-2072x1204','2019-01-04 08:24:33','2021-07-17 12:51:07'),(90,'Ines','Shields','morissette.adelbert@example.com','353-414-1080','2017-10-10 07:47:05','2021-07-17 12:51:07'),(91,'Iliana','Turner','wshields@example.com','(924)136-6760x632','2014-04-16 22:17:23','2021-07-17 12:51:07'),(92,'Clifford','Heathcote','jones.demarco@example.com','020-962-1084x6964','2012-10-06 07:16:00','2014-02-21 22:08:51'),(93,'Brown','Turner','brooks19@example.com','1-553-038-0702','2018-09-04 00:50:49','2020-06-12 04:13:43'),(94,'Ila','Wyman','nelson72@example.net','1-059-997-1116','2014-05-17 12:42:06','2018-09-20 21:33:12'),(95,'Joany','Lockman','general.mertz@example.net','+18(1)1676033810','2019-03-20 13:21:13','2021-07-17 12:51:07'),(96,'Christopher','Hartmann','lubowitz.harley@example.net','1-507-929-8212x59744','2017-06-17 21:16:31','2017-07-06 14:16:51'),(97,'Jedediah','Lemke','erika.considine@example.org','258.275.9960x15423','2013-06-18 03:13:25','2016-12-01 22:56:08'),(98,'Valerie','Borer','prau@example.net','1-959-820-4895','2019-07-29 15:20:06','2021-07-17 12:51:07'),(99,'Rosario','Stehr','cathy.bogisich@example.org','04412561954','2018-05-27 09:24:40','2021-05-11 17:32:33'),(100,'Janie','Schroeder','carroll.caitlyn@example.org','1-212-858-3029','2015-12-08 22:56:38','2021-07-17 12:51:07');
/*!40000 ALTER TABLE `users` ENABLE KEYS */;
UNLOCK TABLES;
/*!40103 SET TIME_ZONE=@OLD_TIME_ZONE */;

/*!40101 SET SQL_MODE=@OLD_SQL_MODE */;
/*!40014 SET FOREIGN_KEY_CHECKS=@OLD_FOREIGN_KEY_CHECKS */;
/*!40014 SET UNIQUE_CHECKS=@OLD_UNIQUE_CHECKS */;
/*!40101 SET CHARACTER_SET_CLIENT=@OLD_CHARACTER_SET_CLIENT */;
/*!40101 SET CHARACTER_SET_RESULTS=@OLD_CHARACTER_SET_RESULTS */;
/*!40101 SET COLLATION_CONNECTION=@OLD_COLLATION_CONNECTION */;
/*!40111 SET SQL_NOTES=@OLD_SQL_NOTES */;

-- Dump completed on 2021-07-19 23:36:49
