-- MySQL dump 10.13  Distrib 8.0.26, for Linux (x86_64)
--
-- Host: localhost    Database: yutu_music
-- ------------------------------------------------------
-- Server version	8.0.26-0ubuntu0.20.04.2

/*!40101 SET @OLD_CHARACTER_SET_CLIENT=@@CHARACTER_SET_CLIENT */;
/*!40101 SET @OLD_CHARACTER_SET_RESULTS=@@CHARACTER_SET_RESULTS */;
/*!40101 SET @OLD_COLLATION_CONNECTION=@@COLLATION_CONNECTION */;
/*!50503 SET NAMES utf8mb4 */;
/*!40103 SET @OLD_TIME_ZONE=@@TIME_ZONE */;
/*!40103 SET TIME_ZONE='+00:00' */;
/*!40014 SET @OLD_UNIQUE_CHECKS=@@UNIQUE_CHECKS, UNIQUE_CHECKS=0 */;
/*!40014 SET @OLD_FOREIGN_KEY_CHECKS=@@FOREIGN_KEY_CHECKS, FOREIGN_KEY_CHECKS=0 */;
/*!40101 SET @OLD_SQL_MODE=@@SQL_MODE, SQL_MODE='NO_AUTO_VALUE_ON_ZERO' */;
/*!40111 SET @OLD_SQL_NOTES=@@SQL_NOTES, SQL_NOTES=0 */;

--
-- Table structure for table `artists`
--

DROP TABLE IF EXISTS `artists`;
/*!40101 SET @saved_cs_client     = @@character_set_client */;
/*!50503 SET character_set_client = utf8mb4 */;
CREATE TABLE `artists` (
  `id` int unsigned NOT NULL AUTO_INCREMENT COMMENT 'Идентификатор строки',
  `user_id` int unsigned NOT NULL COMMENT 'Ссылка на таблицу users',
  `name` varchar(100) CHARACTER SET utf8mb4 COLLATE utf8mb4_unicode_ci NOT NULL COMMENT 'Наименование исполнителя',
  `description` text CHARACTER SET utf8mb4 COLLATE utf8mb4_unicode_ci COMMENT 'Описание исполнителя',
  `net_adress` varchar(255) CHARACTER SET utf8mb4 COLLATE utf8mb4_unicode_ci NOT NULL DEFAULT 'https://music.yutu.com/artists/' COMMENT 'Ссылка на страницу исполнителя',
  `created_at` datetime DEFAULT CURRENT_TIMESTAMP COMMENT 'Время создания строки',
  `updated_at` datetime DEFAULT CURRENT_TIMESTAMP ON UPDATE CURRENT_TIMESTAMP COMMENT 'Время обновления строки',
  PRIMARY KEY (`id`),
  KEY `artists_users_id_fk` (`user_id`),
  KEY `artists_name_idx` (`name`),
  CONSTRAINT `artists_users_id_fk` FOREIGN KEY (`user_id`) REFERENCES `users` (`id`) ON DELETE RESTRICT
) ENGINE=InnoDB AUTO_INCREMENT=102 DEFAULT CHARSET=utf8mb4 COLLATE=utf8mb4_unicode_ci COMMENT='Исполнители';
/*!40101 SET character_set_client = @saved_cs_client */;

--
-- Dumping data for table `artists`
--

LOCK TABLES `artists` WRITE;
/*!40000 ALTER TABLE `artists` DISABLE KEYS */;
INSERT INTO `artists` VALUES (1,2,'Halvorson, Barton and Lockman','Nisi commodi excepturi dolor sint quasi quia modi ullam. Laudantium optio quae asperiores vel omnis aut architecto quis. Maiores nobis sit dolorum sint ut perferendis quis cum. Laboriosam praesentium amet consectetur dolores consequuntur eum illo.','https://music.yutu.com/artists/ad957f2e3aa4c6e6ba84665e','2021-09-15 00:49:26','2021-09-23 07:18:25'),(2,46,'Toy, Kunze and Feest','Expedita consequuntur nihil dolorem fugiat rem consequatur aliquid. Quo tempore et cumque et officiis. Omnis at est pariatur tenetur et et.','https://music.yutu.com/artists/6e606a8b98716e361e8a5e80','2021-09-01 22:49:06','2021-09-23 07:18:25'),(3,53,'Daniel-Beier','Consectetur eos totam velit fugit magnam aliquam sunt. Non illum quos dolor odit. Iusto voluptas sint error assumenda. Est non voluptatibus est numquam.','https://music.yutu.com/artists/35d2074f1de0bc8ce437792c','2021-09-04 12:00:03','2021-09-23 07:18:25'),(4,62,'Stroman, Herman and McKenzie','Eum inventore neque molestias consequatur in dolor et vel. Voluptas quia quo nesciunt. Cum odio et aut animi. Ipsa velit qui eius voluptate et quasi perspiciatis nihil.','https://music.yutu.com/artists/684b8de9c0656d9441c5b1b4','2021-08-24 03:48:01','2021-09-23 07:18:25'),(5,32,'Funk-Leannon','A nihil deserunt occaecati quis nesciunt iste. Consequatur sint debitis dolorem ipsam doloremque ex vel vel. Ullam excepturi non vitae libero cumque. Veniam exercitationem unde fuga reprehenderit.','https://music.yutu.com/artists/32f37687f62c372cb048b96a','2021-09-10 15:28:12','2021-09-23 07:18:25'),(6,58,'Yundt LLC','Et illo beatae qui ut provident illum. Vel autem qui adipisci modi consequatur repudiandae itaque quis. Voluptates est impedit earum non.','https://music.yutu.com/artists/fae73edbe8fc9d62f91bbfe1','2021-09-19 02:22:32','2021-09-23 07:18:25'),(7,87,'Luettgen-Dibbert','Sit ullam dolor porro tempora quo eveniet. Dicta eveniet sunt et cumque magnam ut. Libero eos sed magni cumque qui sit assumenda.','https://music.yutu.com/artists/8bac55fc27ba679f133ba722','2021-09-04 19:47:13','2021-09-23 07:18:25'),(8,26,'Russel PLC','Qui dolor odit sunt voluptatum asperiores. Voluptate perspiciatis aperiam quia quos porro et adipisci. Omnis aut earum dolorum natus aut quis.','https://music.yutu.com/artists/a6e4c3a9344eb34ff82e1e95','2021-09-13 03:16:35','2021-09-23 07:18:25'),(9,7,'Bruen, Brown and Stamm','Expedita molestiae amet ut odio praesentium ut architecto quod. Consequatur maxime harum quia nesciunt. Voluptas iste beatae voluptatum exercitationem et.','https://music.yutu.com/artists/e5bdfc6be0dfc0ede90fd46b','2021-09-19 07:05:41','2021-09-23 07:18:25'),(10,82,'Daugherty-Zboncak','Officiis beatae aspernatur natus libero. Saepe quos illo itaque eaque qui.','https://music.yutu.com/artists/7612fc9ad2b86e2d08df2ddb','2021-09-14 01:22:36','2021-09-23 07:18:25'),(11,46,'Mayer-Schmitt','Laudantium velit occaecati neque cumque. Reprehenderit doloribus magnam unde voluptas. Quaerat tempora omnis quos. Id praesentium aliquid et.','https://music.yutu.com/artists/3ead49a63c6f4f2da204dae6','2021-09-20 00:36:10','2021-09-23 07:18:25'),(12,83,'Abshire-Wintheiser','Laboriosam quia sint cumque quam debitis. Et numquam ratione sit maxime distinctio non debitis voluptate. Voluptatem reiciendis pariatur nulla rem.','https://music.yutu.com/artists/180550b765852d5a3fed4249','2021-09-19 19:39:24','2021-09-23 07:18:25'),(13,47,'O\'Hara, Raynor and Strosin','Cum sunt cumque optio. Possimus voluptas sed repellat sint dolorum qui. Aut laboriosam non rerum possimus labore.','https://music.yutu.com/artists/5f2b2c6c115c488bf6ed4b33','2021-08-25 05:37:27','2021-09-23 07:18:25'),(14,68,'Turcotte-Glover','Fugiat dolorum reprehenderit magni velit autem esse nulla. Et autem ratione eum quia voluptas voluptas.','https://music.yutu.com/artists/8dd9895ab556ef82810acdc7','2021-08-24 01:59:16','2021-09-23 07:18:25'),(15,23,'Moore-Herman','Repudiandae fugiat temporibus corrupti eum fugit sit dolor. Eos hic recusandae reiciendis quod nihil voluptas ea. Qui sed quis optio et. Velit facere excepturi vel impedit veritatis.','https://music.yutu.com/artists/f3aab25fb747ba8e10f873a0','2021-09-09 06:10:07','2021-09-23 07:18:25'),(16,97,'Auer Inc','Libero nulla consequuntur aut distinctio quaerat unde. Officia illo iure perspiciatis voluptatem error non adipisci voluptas. Omnis perspiciatis dolorum id amet facere incidunt.','https://music.yutu.com/artists/923137a200c2bbfa42866a36','2021-09-19 10:55:22','2021-09-23 07:18:25'),(17,44,'Ankunding LLC','Vel ipsa omnis sit facere odio. Consequatur aut adipisci hic aut quasi sed ea. Inventore corrupti expedita repudiandae ea distinctio repudiandae. Vero rerum sit architecto vero non et voluptates.','https://music.yutu.com/artists/dc84cd259c16ba11fd943b46','2021-09-15 04:12:55','2021-09-23 07:18:25'),(18,54,'Greenfelder, Reilly and Gislason','Ut omnis necessitatibus hic error aliquam. Ut ea quos consectetur officia. Alias officiis deleniti consequatur vitae ut ipsum distinctio. Eius et tempore vitae sint inventore consequatur totam.','https://music.yutu.com/artists/aed5e5ad6907dae4fb986a45','2021-08-24 01:14:49','2021-09-23 07:18:25'),(19,64,'Stroman-Armstrong','Vel distinctio enim dolores est explicabo sint. Dolores quidem sequi nihil necessitatibus aut sint veritatis aut. Eos delectus facilis qui adipisci voluptatem cumque.','https://music.yutu.com/artists/9a27b3ab9bbea0b39c69b175','2021-09-21 15:46:50','2021-09-23 07:18:25'),(20,35,'Streich-Moore','Sit rerum vitae quidem quos accusantium. Voluptatum aut qui similique nisi. Rem dolorum eos perferendis iste officia quia est. Maiores qui qui vel voluptatem libero similique.','https://music.yutu.com/artists/5deff6ddf35024f5dbd75eee','2021-09-18 11:30:21','2021-09-23 07:18:25'),(21,20,'Wiza, Lowe and Bode','Officiis eum laudantium nobis ea tempora. Fuga distinctio itaque quis dolorem quasi voluptatem pariatur suscipit. Hic modi perspiciatis quasi consequuntur nostrum tempore harum.','https://music.yutu.com/artists/c98dc3963e626d10c58b9ae3','2021-09-14 03:08:24','2021-09-23 07:18:25'),(22,84,'Schmidt LLC','Rem enim qui aspernatur voluptas odio. Velit odio ea suscipit et molestiae numquam. Voluptatum at consequatur vero quis harum tempore voluptatem.','https://music.yutu.com/artists/02b4bf972f31afd9f5b7745e','2021-09-14 23:57:15','2021-09-23 07:18:25'),(23,73,'Braun, Hamill and Kreiger','Sunt voluptatibus vel natus. Ad voluptate et voluptas in. Accusantium praesentium placeat et eos quis. Beatae sed numquam neque quis eum et.','https://music.yutu.com/artists/7f719f01d8da0c1f43f4200b','2021-09-19 16:55:40','2021-09-23 07:18:25'),(24,45,'Miller, Gaylord and Kshlerin','Molestias quo culpa nam asperiores. Hic ad dolores odit neque quam repudiandae qui. Ex rerum voluptatum eum enim. Deserunt ut architecto optio assumenda aut sit.','https://music.yutu.com/artists/2641c24368adc83901e68216','2021-09-10 09:27:37','2021-09-23 07:18:25'),(25,88,'Grady Inc','In nulla natus est ducimus et. Impedit vitae autem quaerat. Eos pariatur consequatur corrupti sunt eos quidem.','https://music.yutu.com/artists/acf97e730fefe454403df609','2021-09-05 17:21:40','2021-09-23 07:18:25'),(26,31,'Anderson, Durgan and Rolfson','Illo est quo enim est commodi adipisci. Harum porro impedit optio dolor iure enim asperiores.','https://music.yutu.com/artists/4ea7bda50c2ce9852b13f3da','2021-09-16 21:35:36','2021-09-23 07:18:25'),(27,56,'Rutherford PLC','Incidunt ut cum minima iste. Harum ratione id et ut corporis voluptatem. Temporibus velit natus vel fugit architecto ut enim. Vitae quasi omnis sed qui similique reiciendis. Id porro atque qui sed minus deleniti ut.','https://music.yutu.com/artists/2e75de52c3a9685b92b2a0cb','2021-08-31 16:48:23','2021-09-23 07:18:25'),(28,5,'Littel-Batz','Nihil ad labore culpa qui tenetur. Repellendus et nostrum a dignissimos.','https://music.yutu.com/artists/bc85ff5a40823baeade0c770','2021-09-01 06:52:51','2021-09-23 07:18:25'),(29,35,'O\'Hara Inc','Itaque est maiores odio dolor inventore consequatur. Eligendi animi autem quis. Sit explicabo expedita debitis rerum voluptates. Et quod ut cum et. Est animi odio rerum quo blanditiis et dolorem.','https://music.yutu.com/artists/c4892e71f719e9d182cb6dbd','2021-09-02 07:00:15','2021-09-23 07:18:25'),(30,71,'Ortiz LLC','Ut quia laudantium unde esse itaque qui. Quaerat et ea in dolorum sequi. Consequuntur ducimus pariatur voluptatem suscipit quo doloremque. Sit aliquam libero illum sit laborum qui voluptatem.','https://music.yutu.com/artists/d82dce00f6c218c3adbc008c','2021-09-12 13:49:10','2021-09-23 07:18:25'),(31,64,'Will, Purdy and Hegmann','Quidem corporis harum quae iste. Nemo ullam eius doloremque voluptatem earum qui excepturi. Qui et alias nesciunt est.','https://music.yutu.com/artists/70b773a958d9afefc2aa87b9','2021-09-04 05:12:18','2021-09-23 07:18:25'),(32,37,'Breitenberg-Upton','Saepe quidem sit voluptates ea officia quo atque vel. Aut libero atque perspiciatis quaerat alias tempore. Aut hic quam quia necessitatibus eum non. Repudiandae excepturi dolor recusandae eius natus aut aut.','https://music.yutu.com/artists/b743ed7fef987de45c3edfd3','2021-08-22 05:34:15','2021-09-23 07:18:25'),(33,16,'Davis Ltd','Aspernatur accusantium aut qui porro qui delectus. Non explicabo sunt dignissimos quaerat vel numquam. Fuga eos atque molestiae mollitia voluptate eum distinctio. Deleniti molestiae quos sunt est exercitationem optio provident.','https://music.yutu.com/artists/9cf1236a9da145f9bc9037f7','2021-09-09 05:47:41','2021-09-23 07:18:25'),(34,17,'Renner LLC','Dolores enim fugiat nisi cupiditate. Id ea minus dolor qui dicta. Animi qui tempore nam illo. Minima maxime commodi odit tempora et eaque in.','https://music.yutu.com/artists/9645ef820223d2f49d043d7f','2021-09-05 10:17:17','2021-09-23 07:18:25'),(35,98,'Gerhold, Hermann and West','Delectus sint totam optio. At inventore sed in consequuntur quidem laboriosam quia. Sit sit eos consequatur dicta. Rem vero voluptatem velit tempore fuga aspernatur et sunt.','https://music.yutu.com/artists/24e13123faa2b69eea420c17','2021-09-06 19:26:14','2021-09-23 07:18:25'),(36,48,'Doyle, Baumbach and Rohan','Sunt id voluptate enim est ut eaque sit tenetur. Vel aut quos quia nulla aliquam voluptatem. Minus et qui deserunt veritatis perspiciatis omnis.','https://music.yutu.com/artists/497fdfc23f3713e3aff08d10','2021-09-03 02:01:07','2021-09-23 07:18:25'),(37,74,'Waters-Weimann','Placeat maiores architecto cumque ut. Sed tempore quod et soluta.','https://music.yutu.com/artists/774aee22dccb967740aaa9e5','2021-09-05 10:27:00','2021-09-23 07:18:25'),(38,84,'Fahey-Pouros','Quia ut provident et esse illum et nesciunt expedita. Ab consectetur qui ipsa rerum eligendi hic. Molestiae illo consectetur corporis sit. Hic reprehenderit minus reprehenderit qui et pariatur temporibus vitae.','https://music.yutu.com/artists/6f551c251b437df56a466399','2021-09-05 09:49:45','2021-09-23 07:18:25'),(39,74,'Schulist, Murphy and Kautzer','Similique corporis earum ullam sit aut. Voluptatem et accusantium vitae commodi sed quod. Odit nostrum illum enim sapiente. Velit nesciunt animi optio illo ullam iure optio.','https://music.yutu.com/artists/1177b1e7493ca99ece6582f4','2021-08-30 04:09:55','2021-09-23 07:18:25'),(40,80,'Rosenbaum, Hauck and Reinger','Qui quia quis dignissimos ducimus. Soluta sit repellendus a cumque. Reprehenderit libero quis saepe delectus modi. Et omnis porro architecto ipsa ea distinctio ut.','https://music.yutu.com/artists/e11113a3746423fc7748183a','2021-09-15 18:06:48','2021-09-23 07:18:25'),(41,66,'Schmitt, Howell and Runolfsson','Dolorem placeat in sed magni explicabo exercitationem veritatis. Aut aut dolorum exercitationem at sit enim eius. Ab non dolores qui quis esse praesentium quo laboriosam.','https://music.yutu.com/artists/e74e8dc46f35f5d67ba21296','2021-08-24 23:55:27','2021-09-23 07:18:25'),(42,19,'Littel-Morar','Dolor qui ut quis aliquid et vel sint. Quidem temporibus ea consequatur ut assumenda. Quae non neque non quidem et. Animi perspiciatis et doloremque minima. Maiores non unde qui omnis.','https://music.yutu.com/artists/0ab44ecc37775463b3b3e77d','2021-09-21 13:05:46','2021-09-23 07:18:25'),(43,63,'Jacobson PLC','Eaque odio illum corporis. Sunt enim soluta porro fugit. Modi illum beatae unde iusto. Dolorem possimus corrupti porro mollitia laboriosam autem beatae.','https://music.yutu.com/artists/551cf9770784986d77087ca6','2021-09-11 02:56:38','2021-09-23 07:18:25'),(44,12,'Murray-Collins','Repellendus corporis ullam voluptatem totam et minima. Eaque quia velit dolorem. Commodi exercitationem enim vel quas. Minus cupiditate omnis dolor minima illum.','https://music.yutu.com/artists/43a5cdacdf462f7690348c10','2021-09-05 15:52:38','2021-09-23 07:18:25'),(45,87,'Auer Group','Eum in alias nostrum molestiae eaque quam. Sit assumenda dolore expedita temporibus mollitia commodi. Velit assumenda et nihil laboriosam veniam. Et officia quam quo eveniet et. Aliquid ipsa ut itaque voluptas dolorem ut.','https://music.yutu.com/artists/4a094c817acfd3859c5060f6','2021-08-27 02:09:12','2021-09-23 07:18:25'),(46,85,'Nikolaus Ltd','Explicabo cum a vero mollitia nisi illo. Odio quia ut aspernatur minima. Qui laudantium velit voluptatem rerum provident quisquam.','https://music.yutu.com/artists/3882dcb9aaf2f998769a9b4e','2021-09-18 16:28:12','2021-09-23 07:18:25'),(47,9,'Champlin-Funk','Quia fugit excepturi temporibus aliquid eos. Mollitia ipsum illo sed quisquam quidem. Harum eligendi corporis at suscipit quia ut quam.','https://music.yutu.com/artists/15719f678175927d00d5905c','2021-09-01 14:55:45','2021-09-23 07:18:25'),(48,30,'Renner-Greenfelder','Velit similique at suscipit eum repellat rerum sequi. Autem ipsa aut quis animi. Temporibus magni ut voluptas aut. Deleniti provident dolores fugiat optio. Molestiae veritatis voluptatum aut.','https://music.yutu.com/artists/5b282ebdc3b3830a7b5e15d2','2021-09-15 07:56:13','2021-09-23 07:18:25'),(49,39,'Wiza-Parisian','Aut aut dolores libero et autem. Id qui minima eos numquam. Enim cupiditate enim voluptas. Mollitia ut eligendi deserunt est ad facere.','https://music.yutu.com/artists/80173d25d1e25e7e78673bb5','2021-09-03 03:46:20','2021-09-23 07:18:25'),(50,72,'Bailey LLC','Voluptas blanditiis odio ullam maxime quisquam vitae. Optio corporis vel in et. Laboriosam explicabo est eum ducimus inventore magnam ut.','https://music.yutu.com/artists/3c1b67f194f737c5250040cd','2021-09-17 13:32:07','2021-09-23 07:18:25'),(51,64,'Davis Ltd','Ut totam sapiente facilis sit. Omnis quia culpa ut a commodi et autem. Ut eos nihil qui nemo expedita autem. Assumenda natus voluptas voluptatem omnis vel ex ab.','https://music.yutu.com/artists/657e34c50e9b43c384b478d4','2021-09-07 03:31:32','2021-09-23 07:18:25'),(52,59,'Dicki Group','Nihil non ut ducimus velit sed aut. Dolores eum iure odit qui. Et culpa consequatur est. Culpa sit iusto quos qui laudantium voluptatem. Omnis animi beatae mollitia est.','https://music.yutu.com/artists/cd8d8658433a6943d0b0c45c','2021-09-11 06:46:16','2021-09-23 07:18:25'),(53,56,'Keebler, Carroll and Kessler','Laboriosam tempore animi perspiciatis natus vel. Amet ullam et qui quam eos at qui sunt. Nulla quas voluptatem libero temporibus cupiditate necessitatibus. Repellat sit consequatur porro id.','https://music.yutu.com/artists/8a2c9c2c4ba49bb9ad581137','2021-09-03 17:35:06','2021-09-23 07:18:25'),(54,36,'Borer LLC','Saepe esse voluptatem quis voluptas labore vel. Qui eum est odit neque. Fuga culpa officiis repellat est blanditiis autem.','https://music.yutu.com/artists/f6eb30320a042cb60e56e47e','2021-08-24 11:50:15','2021-09-23 07:18:25'),(55,3,'Pacocha, Grant and Bashirian','Aut tenetur aut voluptatibus voluptatum molestiae. Rerum aut culpa rerum laborum ipsum. Doloremque dolores voluptas et rerum ducimus et quo.','https://music.yutu.com/artists/c0aa3773d86499a165159b61','2021-09-06 11:54:20','2021-09-23 07:18:25'),(56,44,'Hegmann-Labadie','Quia animi rem consequatur commodi alias. Dolorem modi amet et non corrupti. Quisquam aut sit in ipsa ut.','https://music.yutu.com/artists/8da703edd7fba0319671e5f2','2021-09-01 01:46:03','2021-09-23 07:18:25'),(57,67,'Nicolas, Padberg and Rolfson','Deleniti non culpa officia. Cupiditate et est quo consectetur id sed placeat officia. Sunt quis magnam perspiciatis sunt. Porro neque vel reiciendis natus aliquam cupiditate voluptas. Temporibus vel placeat vero consequuntur in.','https://music.yutu.com/artists/ef19b7e1f44307848bca99ea','2021-09-05 13:11:57','2021-09-23 07:18:25'),(58,59,'Paucek, Larson and Roob','Corrupti excepturi et quo atque dolores ut nesciunt. Dolores aperiam sunt impedit perferendis beatae eos. Est illo aut iste. Ut quos natus ut.','https://music.yutu.com/artists/741d0e409e76297c76d213be','2021-09-05 06:34:39','2021-09-23 07:18:25'),(59,48,'Kshlerin Inc','Dolor et quisquam vel et maiores consequuntur est cupiditate. Ut est aut quidem nemo molestiae. Sit est ratione quis ut cumque est. Omnis nemo porro et quo quia fuga. Et nam ut tempore officiis quia.','https://music.yutu.com/artists/366b0fc2cf6a5493280686c4','2021-08-25 21:00:50','2021-09-23 07:18:25'),(60,2,'Hane, Miller and Emard','Autem explicabo incidunt maxime earum. Quibusdam expedita id nemo reprehenderit consectetur exercitationem. Et quo dolores repudiandae amet doloremque deserunt quisquam.','https://music.yutu.com/artists/8f93a453915f3b24ab7c9b3e','2021-09-14 01:48:05','2021-09-23 07:18:25'),(61,29,'Kuvalis-DuBuque','Dolores exercitationem placeat tempora at qui eum. Laudantium aut adipisci fuga illum. Laborum deleniti atque distinctio illum. Atque minima id voluptatem qui tenetur et.','https://music.yutu.com/artists/ef82e6be1f79c4bdc4e1e3f2','2021-08-30 09:02:59','2021-09-23 07:18:25'),(62,12,'Green Ltd','Voluptatem odio est numquam ut hic vero. Quis hic ipsum qui accusantium autem cumque. Et magni modi eaque ut fuga provident.','https://music.yutu.com/artists/aad7a564cfa73b6e7b74006e','2021-09-16 20:20:08','2021-09-23 07:18:25'),(63,38,'Hintz LLC','Architecto atque dolorem tenetur alias non cupiditate. Quod consequatur et nisi tempore. Qui nihil molestiae et nobis debitis itaque quam nostrum. Porro mollitia aut sunt iste enim sint qui. Ipsa dicta cum at.','https://music.yutu.com/artists/60f6ffb27928893665033c83','2021-09-10 23:13:01','2021-09-23 07:18:25'),(64,45,'Kilback and Sons','Ut enim numquam quo dicta sed sed. Dolorum ut quisquam sunt perspiciatis. Ex et sunt sed culpa sed adipisci laudantium.','https://music.yutu.com/artists/1605c306b2b61007c1c9bcf6','2021-08-22 05:00:49','2021-09-23 07:18:25'),(65,28,'Connelly-Hintz','Ullam aliquid possimus quis vitae. Autem occaecati ullam rerum molestiae et. Perspiciatis quos architecto voluptatem ut velit. Adipisci et nihil architecto.','https://music.yutu.com/artists/16fcdac1dd886e28e2d9a0ef','2021-08-26 21:46:26','2021-09-23 07:18:25'),(66,36,'Greenfelder, Gislason and Christiansen','Quia laborum qui quia perferendis. Sint sunt veniam consectetur quam veniam autem laboriosam. Molestias suscipit qui asperiores nam.','https://music.yutu.com/artists/342acb813b3f3edd4bacd480','2021-09-10 23:05:19','2021-09-23 07:18:25'),(67,92,'Stoltenberg Group','Tempore similique et quisquam dolor rerum perferendis exercitationem. Nobis saepe alias repellendus neque. Sit et consequatur distinctio aut cupiditate magni corrupti.','https://music.yutu.com/artists/3986962007c05ae19d3034b9','2021-09-10 18:10:38','2021-09-23 07:18:25'),(68,2,'Pacocha, Prohaska and Lesch','Ipsam ipsam neque qui ratione dolor itaque. Consequatur asperiores consequatur nesciunt minus expedita. Natus est nulla ipsa totam corrupti ut aut.','https://music.yutu.com/artists/9abee0a227163a2a7c88aeb5','2021-09-12 09:17:03','2021-09-23 07:18:25'),(69,20,'Friesen-White','Ut nesciunt qui officia eos. Ut deleniti optio non.','https://music.yutu.com/artists/47dca83d9380eb3495b477b9','2021-09-17 18:17:45','2021-09-23 07:18:25'),(70,66,'Bins-Hickle','Est rerum quis magni veritatis et magnam nostrum. Aut illum quia est sequi repellendus ullam esse. Laborum placeat repudiandae qui perspiciatis itaque. Reprehenderit autem voluptatem natus quis et enim.','https://music.yutu.com/artists/124041cc43a0422869bf7539','2021-09-10 02:10:36','2021-09-23 07:18:25'),(71,82,'Flatley-Hickle','Aliquam fuga quod ab fugit. Quia quia aspernatur reprehenderit eaque nulla temporibus totam. Quidem non est soluta veritatis dicta optio laborum.','https://music.yutu.com/artists/f26aa151bb5e4a9e22ba158c','2021-09-18 22:47:04','2021-09-23 07:18:25'),(72,85,'Mosciski, McDermott and Keebler','Unde voluptatem sed architecto laudantium neque odio dolor dignissimos. Modi consequatur modi aut aperiam. Nobis et voluptatem quis temporibus rerum. Dolores commodi totam cumque rerum quibusdam ad vitae.','https://music.yutu.com/artists/0dd288be23a44df377541629','2021-08-24 06:11:12','2021-09-23 07:18:25'),(73,84,'Gerhold, Prosacco and Dare','Dolore totam deserunt et et. Asperiores occaecati et voluptatem. Labore eveniet et aliquid sint non eius ex. Consequatur voluptatem nobis inventore natus.','https://music.yutu.com/artists/a8d9d9ad2c59b127c1cdccec','2021-09-07 21:56:23','2021-09-23 07:18:25'),(74,44,'Turcotte, Wunsch and Hintz','Molestias est repellat laboriosam quod consequatur. Quia dolorum et et aut. Eos qui ea quaerat qui consectetur est. Magni saepe sed explicabo ut.','https://music.yutu.com/artists/3486acd29a8be3381dd74b65','2021-09-10 22:29:12','2021-09-23 07:18:25'),(75,97,'Roberts, McLaughlin and Purdy','Soluta sapiente omnis fugiat quo. Neque nobis ut natus quisquam voluptates. Consequatur minus nemo impedit voluptatibus corrupti repudiandae vel.','https://music.yutu.com/artists/40a1d3ae99e7e7dbac182573','2021-08-28 03:21:47','2021-09-23 07:18:25'),(76,70,'Langosh Inc','Sunt officia et culpa est sit. Perspiciatis modi nihil libero eum facilis dolores repudiandae.','https://music.yutu.com/artists/16e9866610aaf77d705091f9','2021-09-19 22:42:13','2021-09-23 07:18:25'),(77,29,'Sporer, Farrell and Rice','Modi pariatur neque ea nisi non. Reprehenderit consequatur vero dolorem. Cumque repudiandae qui ut debitis.','https://music.yutu.com/artists/ebd4c9a58d37e45cfef1f1c1','2021-09-12 18:49:41','2021-09-23 07:18:25'),(78,5,'Hayes Inc','Est quam atque qui eligendi tempora quam cum dolorem. Officia voluptates nemo voluptatem vel corporis cupiditate fugit voluptatem. Esse aut non cumque nam.','https://music.yutu.com/artists/94e19cee27904eca36db65d6','2021-09-16 18:07:08','2021-09-23 07:18:25'),(79,100,'Wiegand, Denesik and Kuhic','Et harum dolorem excepturi qui nostrum magnam omnis. Facilis nisi architecto nesciunt. Laboriosam numquam quia doloribus odio fugit adipisci. Aut velit modi sed reiciendis ut.','https://music.yutu.com/artists/ddc8c0b8ca71fc29e87b6865','2021-09-15 20:38:44','2021-09-23 07:18:25'),(80,67,'Walker LLC','Numquam et ex maxime odio labore. Est quia odio autem fugiat saepe. Placeat ipsa non labore laboriosam. Omnis quod aut temporibus nesciunt qui et error. Cupiditate aliquid aliquam rerum voluptatem.','https://music.yutu.com/artists/658e85c92c902f5f423ebb3a','2021-08-24 20:55:44','2021-09-23 07:18:25'),(81,77,'Russel Inc','Tempora unde laboriosam natus laudantium qui. Dolor autem sed aperiam qui et quibusdam ea. Non quaerat corrupti aliquam modi qui alias. Possimus sapiente ab harum beatae non sed maiores.','https://music.yutu.com/artists/e166394b6a1cb73ee292acda','2021-09-13 17:40:24','2021-09-23 07:18:25'),(82,63,'Wuckert LLC','Eum ad laudantium sint. Qui consequatur explicabo excepturi culpa voluptas iusto modi.','https://music.yutu.com/artists/7170f57a7a691389d53b4a09','2021-08-31 14:26:23','2021-09-23 07:18:25'),(83,25,'Grady-Swift','Consequatur eum voluptates mollitia architecto. Magni culpa dignissimos laudantium qui. Autem delectus distinctio non. Ducimus numquam ducimus laboriosam deserunt. Rem numquam excepturi iste praesentium consequuntur sint cumque.','https://music.yutu.com/artists/b7f8815b712721bf39934410','2021-09-01 18:44:11','2021-09-23 07:18:25'),(84,33,'McCullough-Veum','Iure sit quas mollitia nostrum cum molestiae et. Veritatis in ad tempore cum commodi debitis optio est. Dolorem consequatur architecto molestiae id voluptatum.','https://music.yutu.com/artists/aa5faac94768a08783fbf395','2021-09-02 10:23:14','2021-09-23 07:18:25'),(85,99,'Kuhn, Kulas and Connelly','Rerum itaque voluptas itaque consequuntur. Distinctio in itaque ipsum aperiam perferendis incidunt quidem optio. Minus quas tempore et molestiae. Explicabo rerum doloribus ea laudantium voluptatum qui.','https://music.yutu.com/artists/12327d1496482cacbd2596e2','2021-09-16 04:40:20','2021-09-23 07:18:25'),(86,28,'Fahey Group','Repudiandae accusamus perferendis quisquam deserunt. Dolorem sed sit aut et tempora veniam. Atque qui tenetur quo sit quia provident. Corrupti vel vero qui.','https://music.yutu.com/artists/bb3bc1a8ea791a4a0c2c4b5c','2021-09-05 23:38:44','2021-09-23 07:18:25'),(87,76,'Feil and Sons','Eaque impedit atque labore mollitia. Repellat mollitia vero nobis velit. Exercitationem voluptas minus voluptas vero rem.','https://music.yutu.com/artists/de49b75bf6f7c062137a6d9f','2021-09-21 12:39:37','2021-09-23 07:18:25'),(88,65,'Treutel, Jacobs and Yost','Doloribus velit aut eum non iure. Qui odio fugiat quia totam. Laboriosam voluptas ratione modi aliquid id.','https://music.yutu.com/artists/858eef56e90a5905e6fb332a','2021-08-28 01:01:56','2021-09-23 07:18:25'),(89,86,'Dach, Ziemann and Schaden','Debitis velit qui inventore fugit ut aut ipsum. Porro eligendi ut id accusamus. Culpa dolorem necessitatibus commodi deleniti. Illo autem in excepturi vel cum.','https://music.yutu.com/artists/61577c248ff8e10c641d4f8e','2021-09-06 19:27:05','2021-09-23 07:18:25'),(90,24,'Hegmann-Hettinger','Similique minus dolorum iusto quo velit et. Quas quidem quia voluptatibus quis cumque. Libero eveniet quibusdam veniam.','https://music.yutu.com/artists/de5bb8638d199b0207a5054a','2021-08-31 10:58:30','2021-09-23 07:18:25'),(91,66,'Kiehn, McCullough and Botsford','Possimus sit fuga nisi ipsa iste dignissimos omnis. Enim itaque vitae et ullam. Sed culpa id culpa est porro.','https://music.yutu.com/artists/470eb9a67d02581e6deee79b','2021-09-15 17:46:51','2021-09-23 07:18:25'),(92,15,'Cronin-Rau','Impedit tenetur unde quas non. Assumenda voluptatem voluptas voluptas rerum corporis et recusandae. Error fuga culpa mollitia sed. In vel excepturi cupiditate.','https://music.yutu.com/artists/cf0881f7cddda4b51e1a78d2','2021-08-22 21:30:18','2021-09-23 07:18:25'),(93,35,'Thiel, Veum and Rippin','Eum fuga error quia vero eaque. Fugiat explicabo aut ipsum sapiente id quia voluptatum. Veritatis molestias repellat quas numquam natus.','https://music.yutu.com/artists/c85fadd5b95b9dbe8fb1f666','2021-09-04 08:56:20','2021-09-23 07:18:25'),(94,4,'Hodkiewicz, Watsica and Bosco','Voluptatem delectus aliquam odio. Officiis cum tempore voluptas doloribus. Unde consequatur dolores tempore fugit fuga.','https://music.yutu.com/artists/fda20a2c401d43c557fb71e4','2021-09-10 15:15:21','2021-09-23 07:18:25'),(95,60,'Mosciski Inc','Cumque laboriosam quas minus eveniet aliquid. Ab animi quia molestiae natus quisquam tenetur. Consequatur ut voluptate quasi quia. Est veritatis rem quo laboriosam.','https://music.yutu.com/artists/f1c6ff6e1780267bbf2ed62c','2021-08-27 06:14:22','2021-09-23 07:18:25'),(96,63,'Hilpert-Ledner','Et dolores tenetur ut libero eum esse. Voluptatibus corporis libero consequatur deleniti nihil quia aut. Et sed a error soluta. Odit alias et id accusamus ipsam est. Delectus et labore quaerat ipsum tempore quo.','https://music.yutu.com/artists/c6eb2cdba6fdc637ffb0f807','2021-08-27 07:36:46','2021-09-23 07:18:25'),(97,39,'Gulgowski Ltd','Accusamus ipsa voluptatem eum quibusdam explicabo. Voluptatem et illo autem explicabo ullam. Rerum soluta aut aliquam doloribus laborum ad. Odio consectetur quisquam qui earum. Voluptas corrupti non et delectus assumenda doloribus natus expedita.','https://music.yutu.com/artists/87044b059f77b010aa5f48a3','2021-09-19 21:59:33','2021-09-23 07:18:25'),(98,51,'Aufderhar LLC','Quibusdam iste amet odit vitae nemo. Similique corporis est eveniet nobis et dolorem. Perferendis est qui sit itaque. Voluptatem nisi et et voluptates velit ut.','https://music.yutu.com/artists/2eeb04a4cd52963f8fb4568c','2021-09-16 16:32:43','2021-09-23 07:18:25'),(99,65,'Simonis-Stiedemann','Enim vitae beatae alias. Cum quo sunt est velit aliquid explicabo sunt. Iure voluptatem voluptas exercitationem corrupti aut est enim. Placeat quasi quaerat eaque eius et non.','https://music.yutu.com/artists/31b0652b9da7b2a3a7ac8080','2021-08-27 22:12:19','2021-09-23 07:18:25'),(100,58,'Schroeder-Hoeger','Architecto enim delectus sint quisquam et suscipit. Libero molestiae ab repudiandae officiis iste consequatur dolor.','https://music.yutu.com/artists/82c39887b240e0726ca3b122','2021-09-16 23:19:30','2021-09-23 07:18:25'),(101,101,'Alekseev','Unknow artist','https://music.yutu.com/artists/b9d6bec6-6741-fc87-b495-5aadc10e634b','2021-09-24 15:39:04','2021-09-24 15:39:04');
/*!40000 ALTER TABLE `artists` ENABLE KEYS */;
UNLOCK TABLES;
/*!50003 SET @saved_cs_client      = @@character_set_client */ ;
/*!50003 SET @saved_cs_results     = @@character_set_results */ ;
/*!50003 SET @saved_col_connection = @@collation_connection */ ;
/*!50003 SET character_set_client  = utf8mb4 */ ;
/*!50003 SET character_set_results = utf8mb4 */ ;
/*!50003 SET collation_connection  = utf8mb4_0900_ai_ci */ ;
/*!50003 SET @saved_sql_mode       = @@sql_mode */ ;
/*!50003 SET sql_mode              = 'ONLY_FULL_GROUP_BY,STRICT_TRANS_TABLES,NO_ZERO_IN_DATE,NO_ZERO_DATE,ERROR_FOR_DIVISION_BY_ZERO,NO_ENGINE_SUBSTITUTION' */ ;
DELIMITER ;;
/*!50003 CREATE*/ /*!50017 DEFINER=`root`@`localhost`*/ /*!50003 TRIGGER `insert_net_artists` BEFORE INSERT ON `artists` FOR EACH ROW BEGIN
  IF 
  (LEFT(NEW.net_adress, 31) != 'https://music.yutu.com/artists/') OR
  (LENGTH(NEW.net_adress) != 67)
  THEN
  	SET NEW.net_adress = CONCAT('https://music.yutu.com/artists/', generate_net());
  END IF;
END */;;
DELIMITER ;
/*!50003 SET sql_mode              = @saved_sql_mode */ ;
/*!50003 SET character_set_client  = @saved_cs_client */ ;
/*!50003 SET character_set_results = @saved_cs_results */ ;
/*!50003 SET collation_connection  = @saved_col_connection */ ;

--
-- Temporary view structure for view `artists_stats`
--

DROP TABLE IF EXISTS `artists_stats`;
/*!50001 DROP VIEW IF EXISTS `artists_stats`*/;
SET @saved_cs_client     = @@character_set_client;
/*!50503 SET character_set_client = utf8mb4 */;
/*!50001 CREATE VIEW `artists_stats` AS SELECT 
 1 AS `id`,
 1 AS `user_id`,
 1 AS `name`,
 1 AS `count_media`,
 1 AS `count_track`,
 1 AS `count_video`,
 1 AS `count_album`,
 1 AS `count_likes`,
 1 AS `created_at`*/;
SET character_set_client = @saved_cs_client;

--
-- Table structure for table `cities`
--

DROP TABLE IF EXISTS `cities`;
/*!40101 SET @saved_cs_client     = @@character_set_client */;
/*!50503 SET character_set_client = utf8mb4 */;
CREATE TABLE `cities` (
  `id` int unsigned NOT NULL AUTO_INCREMENT,
  `name` varchar(150) CHARACTER SET utf8mb4 COLLATE utf8mb4_unicode_ci NOT NULL,
  `country_id` int unsigned DEFAULT NULL,
  PRIMARY KEY (`id`),
  KEY `cities_countries_id_fk` (`country_id`),
  CONSTRAINT `cities_countries_id_fk` FOREIGN KEY (`country_id`) REFERENCES `countries` (`id`) ON DELETE SET NULL
) ENGINE=InnoDB AUTO_INCREMENT=21 DEFAULT CHARSET=utf8mb4 COLLATE=utf8mb4_unicode_ci COMMENT='Города';
/*!40101 SET character_set_client = @saved_cs_client */;

--
-- Dumping data for table `cities`
--

LOCK TABLES `cities` WRITE;
/*!40000 ALTER TABLE `cities` DISABLE KEYS */;
INSERT INTO `cities` VALUES (1,'Hyattfurt',10),(2,'O\'Connerview',2),(3,'Paucekstad',4),(4,'South Jacinthebury',7),(5,'Sedrickville',2),(6,'Reillyside',8),(7,'East Nataliaport',1),(8,'Kentonburgh',2),(9,'Meggiemouth',9),(10,'West Howard',3),(11,'Celinemouth',5),(12,'Mossiemouth',3),(13,'Brekkeview',4),(14,'North Neha',10),(15,'Earlport',9),(16,'Greenside',5),(17,'East Victoriabury',7),(18,'Burniceville',2),(19,'New Derrickport',6),(20,'North Braulio',9);
/*!40000 ALTER TABLE `cities` ENABLE KEYS */;
UNLOCK TABLES;

--
-- Table structure for table `countries`
--

DROP TABLE IF EXISTS `countries`;
/*!40101 SET @saved_cs_client     = @@character_set_client */;
/*!50503 SET character_set_client = utf8mb4 */;
CREATE TABLE `countries` (
  `id` int unsigned NOT NULL AUTO_INCREMENT,
  `name` varchar(150) CHARACTER SET utf8mb4 COLLATE utf8mb4_unicode_ci NOT NULL,
  PRIMARY KEY (`id`)
) ENGINE=InnoDB AUTO_INCREMENT=11 DEFAULT CHARSET=utf8mb4 COLLATE=utf8mb4_unicode_ci COMMENT='Страны';
/*!40101 SET character_set_client = @saved_cs_client */;

--
-- Dumping data for table `countries`
--

LOCK TABLES `countries` WRITE;
/*!40000 ALTER TABLE `countries` DISABLE KEYS */;
INSERT INTO `countries` VALUES (1,'Northern Mariana Islands'),(2,'Saint Pierre and Miquelon'),(3,'Azerbaijan'),(4,'Samoa'),(5,'Gabon'),(6,'Gambia'),(7,'Papua New Guinea'),(8,'Tuvalu'),(9,'Nigeria'),(10,'United Arab Emirates');
/*!40000 ALTER TABLE `countries` ENABLE KEYS */;
UNLOCK TABLES;

--
-- Table structure for table `likes`
--

DROP TABLE IF EXISTS `likes`;
/*!40101 SET @saved_cs_client     = @@character_set_client */;
/*!50503 SET character_set_client = utf8mb4 */;
CREATE TABLE `likes` (
  `id` int unsigned NOT NULL AUTO_INCREMENT COMMENT 'Идентификатор строки',
  `user_id` int unsigned NOT NULL COMMENT 'Ссылка на пользователя',
  `target_id` int unsigned NOT NULL COMMENT 'Ссылка на идентификатор объекта лайка',
  `target_type` enum('media','playlist','artist') CHARACTER SET utf8mb4 COLLATE utf8mb4_unicode_ci NOT NULL,
  `created_at` datetime DEFAULT CURRENT_TIMESTAMP,
  PRIMARY KEY (`id`),
  KEY `likes_user_id_fk` (`user_id`),
  CONSTRAINT `likes_user_id_fk` FOREIGN KEY (`user_id`) REFERENCES `users` (`id`) ON DELETE CASCADE
) ENGINE=InnoDB AUTO_INCREMENT=105 DEFAULT CHARSET=utf8mb4 COLLATE=utf8mb4_unicode_ci;
/*!40101 SET character_set_client = @saved_cs_client */;

--
-- Dumping data for table `likes`
--

LOCK TABLES `likes` WRITE;
/*!40000 ALTER TABLE `likes` DISABLE KEYS */;
INSERT INTO `likes` VALUES (1,37,30,'playlist','2021-09-01 10:26:14'),(2,85,6,'artist','2021-08-17 14:27:41'),(3,11,48,'playlist','2021-01-27 16:12:18'),(4,23,52,'playlist','2021-04-01 15:35:20'),(5,52,33,'artist','2021-08-02 04:13:38'),(6,69,24,'media','2021-05-19 21:17:13'),(7,92,46,'artist','2021-07-31 12:11:17'),(8,1,32,'artist','2021-08-22 00:03:57'),(9,38,44,'media','2020-10-25 05:28:10'),(10,26,22,'artist','2021-08-14 00:31:29'),(11,63,16,'playlist','2021-02-11 02:02:34'),(12,89,24,'playlist','2021-01-18 05:18:01'),(13,31,46,'media','2021-06-30 15:38:03'),(14,92,99,'media','2021-09-12 15:31:19'),(15,50,72,'playlist','2020-12-24 13:17:30'),(16,94,14,'artist','2021-06-18 07:32:16'),(17,12,3,'artist','2021-06-29 06:02:58'),(18,79,89,'playlist','2020-10-29 20:05:07'),(19,15,73,'artist','2021-05-07 18:47:38'),(20,85,25,'playlist','2021-02-27 11:23:46'),(21,86,58,'playlist','2020-12-21 15:50:38'),(22,19,55,'artist','2021-04-29 01:50:52'),(23,19,56,'media','2020-10-31 14:13:25'),(24,41,83,'media','2021-06-17 17:36:29'),(25,66,15,'playlist','2020-10-07 21:00:40'),(26,15,55,'artist','2021-06-06 18:38:18'),(27,36,46,'media','2021-06-04 21:08:23'),(28,58,11,'artist','2021-04-02 06:01:52'),(29,69,89,'artist','2021-06-17 04:56:11'),(30,40,10,'artist','2021-08-03 06:14:47'),(31,35,83,'artist','2021-01-27 12:46:17'),(32,4,100,'playlist','2021-04-17 00:31:38'),(33,10,54,'playlist','2021-09-10 19:17:08'),(34,67,70,'playlist','2021-01-25 04:52:56'),(35,84,84,'artist','2021-08-02 00:42:35'),(36,92,70,'artist','2021-09-05 02:33:57'),(37,5,81,'media','2021-05-01 02:03:30'),(38,47,66,'media','2021-09-16 13:37:07'),(39,30,87,'media','2020-11-21 10:33:14'),(40,79,98,'artist','2021-09-14 01:48:31'),(41,54,36,'media','2021-06-24 18:13:24'),(42,24,17,'media','2021-06-11 03:13:20'),(43,97,79,'media','2021-03-11 02:13:13'),(44,55,44,'media','2021-02-20 23:26:53'),(45,30,79,'artist','2021-08-15 18:12:15'),(46,83,1,'artist','2021-07-21 16:33:49'),(47,27,67,'artist','2021-02-24 06:47:32'),(48,10,87,'playlist','2021-03-21 09:35:13'),(49,68,30,'artist','2020-11-13 03:15:35'),(50,61,84,'media','2021-09-18 05:07:39'),(51,28,49,'artist','2021-05-25 23:03:57'),(52,20,84,'media','2021-08-17 10:07:09'),(53,62,54,'artist','2020-12-12 03:13:50'),(54,56,69,'media','2021-06-29 05:39:59'),(55,54,94,'media','2021-05-07 14:13:17'),(56,87,24,'artist','2021-06-07 17:12:13'),(57,28,58,'artist','2021-05-03 01:25:58'),(58,96,16,'artist','2021-01-29 07:16:44'),(59,91,61,'media','2021-01-09 01:36:54'),(60,89,23,'media','2021-08-27 20:14:11'),(61,44,4,'artist','2021-03-24 04:47:00'),(62,85,33,'media','2021-07-28 05:51:09'),(63,56,95,'media','2021-05-02 13:54:19'),(64,6,74,'media','2021-04-07 17:56:22'),(65,70,85,'media','2020-10-27 01:21:05'),(66,74,73,'artist','2020-12-29 14:56:41'),(67,19,1,'media','2021-04-07 09:10:29'),(68,30,52,'artist','2021-02-16 14:47:35'),(69,60,42,'artist','2021-03-03 07:52:22'),(70,72,51,'artist','2021-09-05 13:42:16'),(71,19,29,'artist','2021-09-21 05:51:25'),(72,20,51,'media','2021-06-13 18:01:01'),(73,68,92,'artist','2021-09-11 16:15:56'),(74,70,23,'playlist','2021-07-21 12:12:55'),(75,66,50,'media','2021-07-10 08:04:06'),(76,79,71,'artist','2020-10-22 18:58:00'),(77,29,56,'playlist','2021-09-17 19:37:24'),(78,80,97,'media','2021-05-11 12:36:16'),(79,57,80,'artist','2021-01-03 12:51:56'),(80,8,86,'artist','2020-12-04 23:45:35'),(81,52,9,'playlist','2021-09-07 09:56:15'),(82,25,87,'artist','2021-07-03 17:32:27'),(83,74,80,'artist','2020-12-21 13:31:14'),(84,51,39,'artist','2021-03-26 03:43:39'),(85,39,55,'artist','2021-05-13 08:33:42'),(86,46,55,'artist','2021-07-15 15:24:01'),(87,80,34,'media','2021-07-03 03:54:06'),(88,4,79,'media','2021-01-16 01:08:11'),(89,81,78,'playlist','2021-07-16 23:30:04'),(90,6,93,'media','2020-12-19 23:31:50'),(91,32,60,'playlist','2021-01-17 16:46:49'),(92,56,27,'media','2021-07-22 19:21:21'),(93,47,67,'playlist','2020-10-13 12:19:00'),(94,44,56,'media','2021-06-11 08:29:19'),(95,21,12,'artist','2021-03-14 12:22:46'),(96,31,56,'playlist','2021-07-08 21:28:16'),(97,33,76,'playlist','2021-06-04 21:48:30'),(98,42,11,'playlist','2021-01-23 08:31:01'),(99,9,92,'artist','2020-10-10 16:13:57'),(100,40,100,'media','2021-05-04 14:15:06'),(101,68,89,'artist','2021-09-24 15:18:19');
/*!40000 ALTER TABLE `likes` ENABLE KEYS */;
UNLOCK TABLES;
/*!50003 SET @saved_cs_client      = @@character_set_client */ ;
/*!50003 SET @saved_cs_results     = @@character_set_results */ ;
/*!50003 SET @saved_col_connection = @@collation_connection */ ;
/*!50003 SET character_set_client  = utf8mb4 */ ;
/*!50003 SET character_set_results = utf8mb4 */ ;
/*!50003 SET collation_connection  = utf8mb4_0900_ai_ci */ ;
/*!50003 SET @saved_sql_mode       = @@sql_mode */ ;
/*!50003 SET sql_mode              = 'ONLY_FULL_GROUP_BY,STRICT_TRANS_TABLES,NO_ZERO_IN_DATE,NO_ZERO_DATE,ERROR_FOR_DIVISION_BY_ZERO,NO_ENGINE_SUBSTITUTION' */ ;
DELIMITER ;;
/*!50003 CREATE*/ /*!50017 DEFINER=`root`@`localhost`*/ /*!50003 TRIGGER `likes_validation` BEFORE INSERT ON `likes` FOR EACH ROW -- "FOR EACH ROW" - "для каждой вставляемой строки"
BEGIN
  IF NOT is_row_exists(NEW.target_id, NEW.target_type) THEN
    SIGNAL SQLSTATE "45000"
    SET MESSAGE_TEXT = "Error adding like! Target table doesn't contain row id provided!";
  END IF;
END */;;
DELIMITER ;
/*!50003 SET sql_mode              = @saved_sql_mode */ ;
/*!50003 SET character_set_client  = @saved_cs_client */ ;
/*!50003 SET character_set_results = @saved_cs_results */ ;
/*!50003 SET collation_connection  = @saved_col_connection */ ;
/*!50003 SET @saved_cs_client      = @@character_set_client */ ;
/*!50003 SET @saved_cs_results     = @@character_set_results */ ;
/*!50003 SET @saved_col_connection = @@collation_connection */ ;
/*!50003 SET character_set_client  = utf8mb4 */ ;
/*!50003 SET character_set_results = utf8mb4 */ ;
/*!50003 SET collation_connection  = utf8mb4_0900_ai_ci */ ;
/*!50003 SET @saved_sql_mode       = @@sql_mode */ ;
/*!50003 SET sql_mode              = 'ONLY_FULL_GROUP_BY,STRICT_TRANS_TABLES,NO_ZERO_IN_DATE,NO_ZERO_DATE,ERROR_FOR_DIVISION_BY_ZERO,NO_ENGINE_SUBSTITUTION' */ ;
DELIMITER ;;
/*!50003 CREATE*/ /*!50017 DEFINER=`root`@`localhost`*/ /*!50003 TRIGGER `check_insert` BEFORE INSERT ON `likes` FOR EACH ROW -- "FOR EACH ROW" - "для каждой вставляемой строки"
BEGIN
	IF EXISTS(SELECT 1 FROM likes WHERE (user_id = NEW.user_id) AND (target_id = NEW.target_id) AND (target_type = NEW.target_type))
	THEN
		SET @ex_id = (SELECT id FROM likes WHERE (user_id = NEW.user_id) AND (target_id = NEW.target_id) AND (target_type = NEW.target_type));
		SET @message_text = CONCAT('Row already exists! likes.id = ', @ex_id);
		SIGNAL SQLSTATE '45000' SET MESSAGE_TEXT = @message_text;
	END IF;
END */;;
DELIMITER ;
/*!50003 SET sql_mode              = @saved_sql_mode */ ;
/*!50003 SET character_set_client  = @saved_cs_client */ ;
/*!50003 SET character_set_results = @saved_cs_results */ ;
/*!50003 SET collation_connection  = @saved_col_connection */ ;

--
-- Table structure for table `media`
--

DROP TABLE IF EXISTS `media`;
/*!40101 SET @saved_cs_client     = @@character_set_client */;
/*!50503 SET character_set_client = utf8mb4 */;
CREATE TABLE `media` (
  `id` int unsigned NOT NULL AUTO_INCREMENT COMMENT 'Идентификатор строки',
  `name` varchar(100) CHARACTER SET utf8mb4 COLLATE utf8mb4_unicode_ci NOT NULL COMMENT 'Наименование',
  `artist_id` int unsigned NOT NULL COMMENT 'Ссылка на исполнителя',
  `file_path` varchar(255) CHARACTER SET utf8mb4 COLLATE utf8mb4_unicode_ci NOT NULL COMMENT 'Путь к файлу',
  `media_type` enum('track','music_video') CHARACTER SET utf8mb4 COLLATE utf8mb4_unicode_ci NOT NULL,
  `size` time NOT NULL COMMENT 'Продолжительность композиции',
  `exp_content` tinyint(1) DEFAULT NULL COMMENT 'Наличие ненормативного контента',
  `metadata` json DEFAULT NULL,
  `lyrics` text CHARACTER SET utf8mb4 COLLATE utf8mb4_unicode_ci COMMENT 'Текст композиции',
  `created_at` datetime DEFAULT CURRENT_TIMESTAMP COMMENT 'Время создания строки',
  `updated_at` datetime DEFAULT CURRENT_TIMESTAMP ON UPDATE CURRENT_TIMESTAMP COMMENT 'Время обновления строки',
  PRIMARY KEY (`id`),
  KEY `media_artist_id_fk` (`artist_id`),
  KEY `media_name_idx` (`name`),
  CONSTRAINT `media_artist_id_fk` FOREIGN KEY (`artist_id`) REFERENCES `artists` (`id`) ON DELETE RESTRICT,
  CONSTRAINT `media_chk_1` CHECK (json_valid(`metadata`))
) ENGINE=InnoDB AUTO_INCREMENT=101 DEFAULT CHARSET=utf8mb4 COLLATE=utf8mb4_unicode_ci COMMENT='Медиафайлы';
/*!40101 SET character_set_client = @saved_cs_client */;

--
-- Dumping data for table `media`
--

LOCK TABLES `media` WRITE;
/*!40000 ALTER TABLE `media` DISABLE KEYS */;
INSERT INTO `media` VALUES (1,'qui',80,'https://dropbox.net/yutu_music/1_80_qui.avi','music_video','00:06:48',1,'{\"genre\": \"Folk\"}','Omnis sint temporibus occaecati dicta saepe ratione et. Autem ut in doloremque explicabo ipsa. Unde est accusamus laborum consequatur placeat blanditiis.','2021-08-26 22:16:57','2021-09-23 07:33:25'),(2,'earum',42,'https://dropbox.net/yutu_music/2_42_earum.aac','track','00:01:31',1,'{\"genre\": \"R&B, Pop\"}','Velit tempore quis ducimus ducimus voluptatem. Quae modi mollitia hic ut velit minima. Qui officiis illum impedit ut aspernatur consequuntur. Iure quidem consequatur culpa et sed quia.','2021-09-06 10:21:12','2021-09-23 07:37:43'),(3,'porro',49,'https://dropbox.net/yutu_music/3_49_porro.mp3','music_video','00:04:02',1,'{\"genre\": \"Latin\"}','Neque ipsa enim eos rerum sed quisquam quia. Sit debitis a blanditiis asperiores ipsam cumque. Laborum molestiae minima at ea. Ut autem odit cum sint.','2021-09-13 07:41:52','2021-09-23 07:33:25'),(4,'necessitatibus',3,'https://dropbox.net/yutu_music/4_3_necessitatibus.mp3','music_video','00:09:32',1,'{\"genre\": \"Classical\"}',NULL,'2021-09-15 13:08:39','2021-09-23 07:33:25'),(5,'nostrum',16,'https://dropbox.net/yutu_music/5_16_nostrum.avi','music_video','00:04:42',1,'{\"genre\": \"Latin\"}','Accusamus vero totam dignissimos sed iste officiis dicta. Odio corporis aliquid quidem eum ea quibusdam veniam.','2021-09-03 16:30:26','2021-09-23 07:33:25'),(6,'pariatur',47,'https://dropbox.net/yutu_music/6_47_pariatur.avi','music_video','00:04:45',0,'{\"genre\": \"Pop\"}','Ipsam est est repellendus. Doloribus ut officiis est eligendi. Itaque velit et dolor suscipit similique.','2021-09-18 18:17:17','2021-09-23 07:33:25'),(7,'vel',74,'https://dropbox.net/yutu_music/7_74_vel.mp3','music_video','00:04:56',1,'{\"genre\": \"Classical\"}','Nemo pariatur quaerat eum ut beatae. Aut debitis aliquam qui ut et sit omnis culpa. Voluptatibus dolor et aut rem. Iusto temporibus magnam delectus qui id.','2021-09-12 21:10:04','2021-09-23 07:33:25'),(8,'impedit',16,'https://dropbox.net/yutu_music/8_16_impedit.flac','track','00:03:33',1,'{\"genre\": \"Latin\"}','Earum beatae impedit itaque cupiditate ex sapiente. Consequatur velit laborum quod reprehenderit et. Sit aut consequatur amet asperiores ipsum ipsa nam. Quas quo saepe recusandae nihil neque rerum aut.','2021-08-22 22:25:16','2021-09-23 07:33:25'),(9,'recusandae',41,'https://dropbox.net/yutu_music/9_41_recusandae.mp3','music_video','00:06:03',1,'{\"genre\": \"Blues\"}','Recusandae molestiae fuga ut impedit. Minima qui necessitatibus mollitia impedit consequuntur. Quia animi incidunt et nulla quia et a. Et maiores est porro voluptatum voluptatem veniam. Cupiditate beatae odio voluptates.','2021-09-02 05:41:35','2021-09-23 07:33:25'),(10,'amet',49,'https://dropbox.net/yutu_music/10_49_amet.avi','music_video','00:09:16',1,'{\"genre\": \"Jazz\"}',NULL,'2021-09-19 23:35:47','2021-09-23 07:33:25'),(11,'rerum',65,'https://dropbox.net/yutu_music/11_65_rerum.mp3','music_video','00:09:07',0,'{\"genre\": \"Jazz\"}','Magnam molestiae soluta autem similique. Quo dolorem quibusdam veritatis et accusamus. Rerum veniam molestiae cupiditate eius optio aliquid. Nam autem est ab et voluptas reprehenderit deserunt.','2021-09-08 23:23:43','2021-09-23 07:33:25'),(12,'aperiam',24,'https://dropbox.net/yutu_music/12_24_aperiam.avi','music_video','00:07:44',0,'{\"genre\": \"Classical\"}',NULL,'2021-09-04 08:27:43','2021-09-23 07:33:25'),(13,'voluptate',43,'https://dropbox.net/yutu_music/13_43_voluptate.avi','music_video','00:03:31',1,'{\"genre\": \"Pop\"}',NULL,'2021-08-23 09:42:05','2021-09-23 07:33:25'),(14,'blanditiis',90,'https://dropbox.net/yutu_music/14_90_blanditiis.aac','track','00:05:23',0,'{\"genre\": \"Blues\"}',NULL,'2021-09-12 01:30:42','2021-09-23 07:33:25'),(15,'voluptatem',29,'https://dropbox.net/yutu_music/15_29_voluptatem.mp3','music_video','00:09:12',0,'{\"genre\": \"Jazz\"}','Possimus nesciunt eaque est amet. Dolorum culpa soluta voluptate deleniti.','2021-09-13 15:29:20','2021-09-23 07:33:25'),(16,'qui',16,'https://dropbox.net/yutu_music/16_16_qui.aac','track','00:04:30',1,'{\"genre\": \"Folk\"}','Aut cumque libero soluta omnis earum qui. Distinctio quia placeat perferendis qui quia. Vero veritatis est minus maiores qui ratione. Eveniet qui eos asperiores pariatur ipsam et enim.','2021-09-20 10:44:19','2021-09-23 07:33:25'),(17,'ea',28,'https://dropbox.net/yutu_music/17_28_ea.aac','track','00:02:03',0,'{\"genre\": \"R&B, Pop\"}','Temporibus quis voluptatem nostrum repellendus sed. Laborum veniam error pariatur expedita fugit. Quisquam et perspiciatis aliquam.','2021-08-30 00:47:13','2021-09-23 07:37:43'),(18,'maxime',38,'https://dropbox.net/yutu_music/18_38_maxime.avi','music_video','00:09:02',1,'{\"genre\": \"Latin\"}',NULL,'2021-09-10 21:14:36','2021-09-23 07:33:25'),(19,'consequatur',89,'https://dropbox.net/yutu_music/19_89_consequatur.aac','track','00:08:21',0,'{\"genre\": \"Latin\"}',NULL,'2021-09-06 01:41:24','2021-09-23 07:33:25'),(20,'aut',70,'https://dropbox.net/yutu_music/20_70_aut.aac','track','00:04:31',0,'{\"genre\": \"Pop\"}','Et error libero sequi exercitationem temporibus id. Velit quia sed consequuntur voluptatibus quos. Modi dolorem ut consectetur aut. Id unde veniam eius omnis aut qui illo.','2021-09-10 21:57:09','2021-09-23 07:33:25'),(21,'id',63,'https://dropbox.net/yutu_music/21_63_id.avi','music_video','00:01:11',0,'{\"genre\": \"Jazz\"}',NULL,'2021-09-01 22:39:10','2021-09-23 07:33:25'),(22,'quam',89,'https://dropbox.net/yutu_music/22_89_quam.flac','track','00:08:06',1,'{\"genre\": \"Pop\"}',NULL,'2021-09-05 23:26:24','2021-09-23 07:33:25'),(23,'voluptate',24,'https://dropbox.net/yutu_music/23_24_voluptate.mp3','music_video','00:05:54',0,'{\"genre\": \"Folk\"}',NULL,'2021-09-08 09:17:31','2021-09-23 07:33:25'),(24,'architecto',5,'https://dropbox.net/yutu_music/24_5_architecto.mp3','music_video','00:03:48',1,'{\"genre\": \"Pop\"}','Fuga perferendis architecto id inventore voluptatem occaecati sed. Quaerat unde maiores qui vero aut porro ipsa laboriosam. Fugiat quae non non ratione. Quam veritatis et qui id exercitationem.','2021-08-24 21:29:28','2021-09-23 07:33:25'),(25,'nisi',71,'https://dropbox.net/yutu_music/25_71_nisi.flac','track','00:04:26',0,'{\"genre\": \"Blues\"}','Delectus eos velit autem omnis atque non. Sed tenetur qui temporibus. Odit et quis exercitationem quis. Doloremque quod vel aut sint qui.','2021-09-12 22:54:28','2021-09-23 07:33:25'),(26,'sit',7,'https://dropbox.net/yutu_music/26_7_sit.aac','track','00:02:25',0,'{\"genre\": \"Metal\"}',NULL,'2021-09-11 23:57:20','2021-09-23 07:33:25'),(27,'autem',9,'https://dropbox.net/yutu_music/27_9_autem.flac','track','00:02:02',1,'{\"genre\": \"Pop\"}',NULL,'2021-09-01 07:27:27','2021-09-23 07:33:25'),(28,'enim',17,'https://dropbox.net/yutu_music/28_17_enim.avi','music_video','00:02:14',0,'{\"genre\": \"Folk\"}',NULL,'2021-09-18 13:11:54','2021-09-23 07:33:25'),(29,'laudantium',67,'https://dropbox.net/yutu_music/29_67_laudantium.flac','track','00:02:36',1,'{\"genre\": \"Pop\"}','Saepe eum sequi deleniti illum. Ex rerum error distinctio porro ut est. Nisi nam delectus odio fugit autem id. Magni placeat eaque veritatis sunt et voluptatem.','2021-09-10 09:40:26','2021-09-23 07:33:25'),(30,'et',84,'https://dropbox.net/yutu_music/30_84_et.mp3','music_video','00:08:41',0,'{\"genre\": \"Blues\"}',NULL,'2021-08-24 10:39:56','2021-09-23 07:33:25'),(31,'eum',64,'https://dropbox.net/yutu_music/31_64_eum.avi','music_video','00:02:47',0,'{\"genre\": \"Pop\"}','Sunt qui quaerat eos sit qui est. Animi incidunt id ipsa perferendis molestiae et voluptatibus quia. Consequatur sint voluptates beatae.','2021-09-09 16:37:35','2021-09-23 07:33:25'),(32,'ad',46,'https://dropbox.net/yutu_music/32_46_ad.mp3','music_video','00:07:00',0,'{\"genre\": \"Pop\"}','Quo repellendus minus omnis ipsum illum dolor. Praesentium quia sed autem.','2021-09-13 11:06:21','2021-09-23 07:33:25'),(33,'rerum',26,'https://dropbox.net/yutu_music/33_26_rerum.aac','track','00:01:34',1,'{\"genre\": \"Folk\"}',NULL,'2021-09-20 13:52:19','2021-09-23 07:33:25'),(34,'et',13,'https://dropbox.net/yutu_music/34_13_et.aac','track','00:03:32',1,'{\"genre\": \"Latin\"}','Sed ratione libero qui ducimus esse rerum velit. Earum quisquam tempore ea blanditiis voluptas. Alias ea animi sequi occaecati amet ullam illo quos. Tempore dignissimos exercitationem id omnis laboriosam.','2021-09-12 11:30:20','2021-09-23 07:33:25'),(35,'sunt',48,'https://dropbox.net/yutu_music/35_48_sunt.aac','track','00:06:50',0,'{\"genre\": \"Blues\"}','Nisi veritatis vero sequi blanditiis vel voluptatibus debitis. Vitae et molestiae eos consequuntur id. Quia ut qui veniam vero eveniet.','2021-09-14 13:38:49','2021-09-23 07:33:25'),(36,'repudiandae',41,'https://dropbox.net/yutu_music/36_41_repudiandae.avi','music_video','00:09:35',0,'{\"genre\": \"Folk\"}','Sit ut voluptates et occaecati minima facere impedit. Dolor et qui praesentium quidem. Eum ab itaque vel libero illum et molestias veritatis. Eveniet fugiat magni impedit necessitatibus nesciunt velit ea consequatur.','2021-08-26 02:23:08','2021-09-23 07:33:25'),(37,'velit',59,'https://dropbox.net/yutu_music/37_59_velit.avi','music_video','00:01:28',1,'{\"genre\": \"Metal\"}','Voluptates pariatur blanditiis labore recusandae eaque eum. Sint velit in occaecati error magni quod. Amet consectetur excepturi sunt aut expedita omnis nesciunt deleniti.','2021-09-04 18:53:42','2021-09-23 07:33:25'),(38,'perspiciatis',21,'https://dropbox.net/yutu_music/38_21_perspiciatis.flac','track','00:07:06',1,'{\"genre\": \"R&B, Pop\"}',NULL,'2021-09-11 02:52:28','2021-09-23 07:37:43'),(39,'qui',57,'https://dropbox.net/yutu_music/39_57_qui.mp3','music_video','00:07:14',0,'{\"genre\": \"Folk\"}','Ullam iusto autem consequuntur qui. Nostrum voluptatem rem et consequatur praesentium asperiores fuga est. Voluptas quis molestias illum fugit consequatur delectus. Non sed eaque deleniti esse ab temporibus.','2021-08-22 04:01:18','2021-09-23 07:33:25'),(40,'et',99,'https://dropbox.net/yutu_music/40_99_et.flac','track','00:05:53',1,'{\"genre\": \"Pop\"}','Rem a animi laudantium saepe porro. Tempora corporis vel nobis voluptatum voluptas autem quaerat. Quae et dolores consectetur quas totam odit. Dolores nesciunt magni dignissimos assumenda officiis.','2021-09-15 00:49:13','2021-09-23 07:33:25'),(41,'est',70,'https://dropbox.net/yutu_music/41_70_est.flac','track','00:05:09',0,'{\"genre\": \"Pop\"}','Et et consequatur odio ratione molestias voluptatem nihil. Quisquam autem aliquam sed rerum repellat. Quia animi eaque quis reiciendis voluptatibus. Nihil et doloremque sint blanditiis autem.','2021-09-05 14:25:35','2021-09-23 07:33:25'),(42,'eius',22,'https://dropbox.net/yutu_music/42_22_eius.mp3','music_video','00:01:50',0,'{\"genre\": \"Folk\"}','Ipsam pariatur repudiandae molestiae excepturi dolorum sunt est soluta. Nemo perspiciatis reprehenderit dicta praesentium. Et deleniti earum provident repellat laborum. Enim aut at explicabo neque.','2021-09-11 14:57:38','2021-09-23 07:33:25'),(43,'labore',23,'https://dropbox.net/yutu_music/43_23_labore.flac','track','00:09:02',0,'{\"genre\": \"Metal\"}','Laborum fuga voluptatem animi labore et voluptas accusamus. Rerum doloribus numquam et numquam et corporis earum. Non perspiciatis dolor repellendus ut facilis nam.','2021-08-28 12:19:50','2021-09-23 07:33:25'),(44,'vel',13,'https://dropbox.net/yutu_music/44_13_vel.avi','music_video','00:04:43',0,'{\"genre\": \"Jazz\"}','Harum officiis officia et a explicabo sint delectus ut. Ad minima aperiam impedit qui. Facilis vel laudantium deleniti. Adipisci unde amet reprehenderit qui perspiciatis et.','2021-09-11 16:19:04','2021-09-23 07:33:25'),(45,'in',11,'https://dropbox.net/yutu_music/45_11_in.flac','track','00:04:15',0,'{\"genre\": \"Pop\"}','Incidunt sapiente veniam ad eveniet. Aut doloremque quaerat odit voluptatem voluptatem. Est vel necessitatibus in dolore.','2021-08-31 16:09:41','2021-09-23 07:33:25'),(46,'modi',51,'https://dropbox.net/yutu_music/46_51_modi.mp3','music_video','00:06:20',1,'{\"genre\": \"Classical\"}','Dolores quas fugit facere tempore laboriosam consequatur. Sed et enim tempora eius ullam. Incidunt aut eveniet alias velit quisquam. Delectus id eum expedita ut.','2021-09-20 03:24:46','2021-09-23 07:33:25'),(47,'nam',28,'https://dropbox.net/yutu_music/47_28_nam.flac','track','00:05:55',0,'{\"genre\": \"Metal\"}','Ut sapiente et reiciendis facilis. Voluptas saepe aspernatur aliquid ut voluptatum velit sunt. Ipsam tempore ipsam ut enim aspernatur consectetur. Error dolor quidem qui ipsam sed.','2021-08-29 22:26:31','2021-09-23 07:33:25'),(48,'fugiat',38,'https://dropbox.net/yutu_music/48_38_fugiat.mp3','music_video','00:04:42',0,'{\"genre\": \"Blues\"}',NULL,'2021-09-21 09:44:07','2021-09-23 07:33:25'),(49,'vero',88,'https://dropbox.net/yutu_music/49_88_vero.avi','music_video','00:08:15',0,'{\"genre\": \"Blues\"}','Voluptates voluptatem pariatur doloremque voluptatum et. Ut ratione dolorem error pariatur repellendus enim. Voluptatem neque impedit aperiam excepturi fugit. Quia dignissimos maiores optio quia ipsa.','2021-08-26 07:16:26','2021-09-23 07:33:25'),(50,'blanditiis',17,'https://dropbox.net/yutu_music/50_17_blanditiis.avi','music_video','00:09:19',0,'{\"genre\": \"R&B\"}','Perspiciatis laborum quibusdam laudantium. Aliquam aliquid nihil doloribus ut impedit. Vero animi optio sit.','2021-09-20 21:28:13','2021-09-23 07:33:25'),(51,'at',8,'https://dropbox.net/yutu_music/51_8_at.mp3','music_video','00:05:35',0,'{\"genre\": \"Blues, Jazz\"}',NULL,'2021-09-01 01:52:18','2021-09-23 07:37:33'),(52,'itaque',51,'https://dropbox.net/yutu_music/52_51_itaque.avi','music_video','00:08:44',0,'{\"genre\": \"Blues, Jazz\"}','Blanditiis voluptas sunt sapiente perspiciatis totam pariatur. Ducimus non recusandae perspiciatis recusandae ipsam ducimus. Perspiciatis asperiores vero consequatur consequatur iusto qui. Tempora consectetur sunt illo adipisci et.','2021-09-14 15:45:18','2021-09-23 07:37:33'),(53,'placeat',5,'https://dropbox.net/yutu_music/53_5_placeat.flac','track','00:01:38',1,'{\"genre\": \"Latin\"}',NULL,'2021-08-26 09:16:18','2021-09-23 07:33:25'),(54,'et',31,'https://dropbox.net/yutu_music/54_31_et.mp3','music_video','00:01:08',1,'{\"genre\": \"Metal\"}',NULL,'2021-09-18 23:21:19','2021-09-23 07:33:25'),(55,'ratione',56,'https://dropbox.net/yutu_music/55_56_ratione.mp3','music_video','00:02:35',1,'{\"genre\": \"R&B\"}',NULL,'2021-09-16 19:39:07','2021-09-23 07:33:25'),(56,'odio',75,'https://dropbox.net/yutu_music/56_75_odio.mp3','music_video','00:07:32',0,'{\"genre\": \"R&B\"}',NULL,'2021-09-06 15:09:55','2021-09-23 07:33:25'),(57,'facilis',37,'https://dropbox.net/yutu_music/57_37_facilis.mp3','music_video','00:04:20',1,'{\"genre\": \"Metal\"}',NULL,'2021-08-23 15:56:46','2021-09-23 07:33:25'),(58,'in',65,'https://dropbox.net/yutu_music/58_65_in.avi','music_video','00:08:33',1,'{\"genre\": \"Blues, Jazz\"}','Eos omnis est vel modi quae in. Distinctio consequatur et distinctio et et quia doloremque. Molestiae tenetur voluptates ducimus qui. Odio rerum nam odio illo recusandae nam. Voluptatem quia deleniti sunt asperiores sed.','2021-08-28 11:59:34','2021-09-23 07:37:33'),(59,'eius',92,'https://dropbox.net/yutu_music/59_92_eius.avi','music_video','00:03:14',1,'{\"genre\": \"R&B\"}','Sunt atque expedita sit consequatur corporis est quo. Aut quisquam consectetur debitis soluta magnam. Dolorem quod ab est magni. Nisi earum eligendi minima quia aliquid.','2021-08-25 00:36:40','2021-09-23 07:33:25'),(60,'voluptatem',3,'https://dropbox.net/yutu_music/60_3_voluptatem.aac','track','00:07:15',1,'{\"genre\": \"R&B\"}','Corrupti earum odio et voluptate rem distinctio veritatis. Placeat id quisquam impedit explicabo in ut ipsam ipsa. Maiores iure debitis aut voluptas. Facere dolorum harum ipsam voluptate laboriosam sint.','2021-09-20 01:36:32','2021-09-23 07:33:25'),(61,'qui',48,'https://dropbox.net/yutu_music/61_48_qui.aac','track','00:05:59',1,'{\"genre\": \"Folk\"}','Voluptate laudantium repellendus quaerat amet blanditiis odio. Explicabo nobis est officiis hic aut odit unde. Ullam velit nihil dolorem.','2021-09-03 13:46:18','2021-09-23 07:33:25'),(62,'eum',56,'https://dropbox.net/yutu_music/62_56_eum.aac','track','00:09:53',1,'{\"genre\": \"Folk\"}','Minus dignissimos cumque quasi. Blanditiis sed aut ut ut vero. Corrupti exercitationem veritatis debitis modi nulla molestiae et.','2021-08-23 16:09:23','2021-09-23 07:33:25'),(63,'hic',48,'https://dropbox.net/yutu_music/63_48_hic.flac','track','00:04:06',0,'{\"genre\": \"R&B\"}','Doloribus facilis quasi unde vero provident similique voluptatem. Ex fugit dolorem consequatur magnam qui. Quo delectus quia magnam nisi recusandae asperiores nisi.','2021-09-02 07:51:55','2021-09-23 07:33:25'),(64,'rerum',73,'https://dropbox.net/yutu_music/64_73_rerum.mp3','music_video','00:03:52',1,'{\"genre\": \"Latin\"}',NULL,'2021-09-15 03:49:46','2021-09-23 07:33:25'),(65,'incidunt',68,'https://dropbox.net/yutu_music/65_68_incidunt.avi','music_video','00:08:03',0,'{\"genre\": \"Pop\"}','Occaecati deserunt velit pariatur eos et. Rerum accusamus recusandae fugit officiis autem ea magni ut. Libero cupiditate error tempore quia eligendi unde. Quia consequatur et nobis qui minima dolorum et.','2021-08-22 08:17:18','2021-09-23 07:33:25'),(66,'veritatis',96,'https://dropbox.net/yutu_music/66_96_veritatis.mp3','music_video','00:02:47',1,'{\"genre\": \"Classical\"}','Et hic doloribus laborum. Dolorem voluptatem incidunt perspiciatis magni quia ea qui. Voluptas odit in ut corporis odit iure. Aspernatur nihil et suscipit velit.','2021-08-30 05:39:33','2021-09-23 07:33:25'),(67,'quas',14,'https://dropbox.net/yutu_music/67_14_quas.avi','music_video','00:03:28',0,'{\"genre\": \"Metal\"}',NULL,'2021-09-08 10:49:58','2021-09-23 07:33:25'),(68,'vel',26,'https://dropbox.net/yutu_music/68_26_vel.avi','music_video','00:05:38',0,'{\"genre\": \"Classical\"}',NULL,'2021-09-15 09:56:55','2021-09-23 07:33:25'),(69,'repudiandae',16,'https://dropbox.net/yutu_music/69_16_repudiandae.flac','track','00:01:57',1,'{\"genre\": \"R&B\"}','Quas atque ut esse quo porro doloribus officiis quasi. Delectus saepe omnis dolor nam eaque. Eos sit est a id quasi debitis excepturi. Repellendus consequatur tempore nobis.','2021-08-25 07:46:38','2021-09-23 07:33:25'),(70,'molestias',71,'https://dropbox.net/yutu_music/70_71_molestias.avi','music_video','00:02:09',1,'{\"genre\": \"Metal\"}','Alias quia praesentium et temporibus eos quia iusto. Porro non magni maxime ipsa cupiditate occaecati. Dolores molestias omnis totam eos.','2021-09-16 18:04:46','2021-09-23 07:33:25'),(71,'itaque',25,'https://dropbox.net/yutu_music/71_25_itaque.avi','music_video','00:08:30',0,'{\"genre\": \"Latin\"}',NULL,'2021-08-26 14:19:44','2021-09-23 07:33:25'),(72,'saepe',86,'https://dropbox.net/yutu_music/72_86_saepe.mp3','music_video','00:08:34',0,'{\"genre\": \"Classical\"}',NULL,'2021-09-10 18:05:51','2021-09-23 07:33:25'),(73,'quisquam',92,'https://dropbox.net/yutu_music/73_92_quisquam.avi','music_video','00:04:54',0,'{\"genre\": \"Blues, Jazz\"}',NULL,'2021-09-04 17:52:05','2021-09-23 07:37:33'),(74,'possimus',47,'https://dropbox.net/yutu_music/74_47_possimus.avi','music_video','00:08:51',0,'{\"genre\": \"Pop\"}',NULL,'2021-08-31 12:57:57','2021-09-23 07:33:25'),(75,'dicta',98,'https://dropbox.net/yutu_music/75_98_dicta.mp3','music_video','00:06:17',0,'{\"genre\": \"Jazz\"}','Ipsam voluptate eius praesentium tempora. Dolor et dignissimos occaecati ex non dolorem. In eveniet totam consequuntur et ad sunt.','2021-09-10 17:38:52','2021-09-23 07:33:25'),(76,'enim',3,'https://dropbox.net/yutu_music/76_3_enim.avi','music_video','00:02:45',1,'{\"genre\": \"R&B\"}','Quia atque dicta alias voluptatibus porro ut dolores. Consequatur voluptatem excepturi odio blanditiis recusandae. Aut esse sunt aut.','2021-09-01 09:52:13','2021-09-23 07:33:25'),(77,'voluptate',98,'https://dropbox.net/yutu_music/77_98_voluptate.aac','track','00:04:51',0,'{\"genre\": \"Folk\"}','Quos voluptates eligendi voluptatem velit quisquam dicta voluptatem. Praesentium dolorem iusto deserunt est sint facilis. Quis aut nihil cumque voluptas eveniet itaque. Qui nihil error amet ex illo repellendus quia.','2021-09-16 11:04:39','2021-09-23 07:33:25'),(78,'autem',26,'https://dropbox.net/yutu_music/78_26_autem.mp3','music_video','00:09:45',1,'{\"genre\": \"Blues, Jazz\"}','Molestiae ea quis iste hic non dolore cumque ut. Quia sint sit tempore quas eos doloribus ducimus. Praesentium qui voluptatum alias expedita omnis eos. Eveniet enim quisquam architecto reiciendis velit.','2021-09-05 01:33:25','2021-09-23 07:37:33'),(79,'corrupti',40,'https://dropbox.net/yutu_music/79_40_corrupti.aac','track','00:05:08',1,'{\"genre\": \"Latin\"}','Maiores iste voluptatibus autem minima vel dolore accusantium ab. Rerum eaque ut laboriosam sunt rerum. Maxime magni officiis sed. Et enim cum ullam itaque et enim.','2021-08-23 19:43:26','2021-09-23 07:33:25'),(80,'harum',86,'https://dropbox.net/yutu_music/80_86_harum.aac','track','00:04:06',0,'{\"genre\": \"Pop\"}','Laboriosam illum voluptas optio non a velit enim. Voluptate quo ab sapiente voluptatem temporibus voluptas. Mollitia ut explicabo fugiat nihil quo est esse.','2021-08-26 06:07:04','2021-09-23 07:33:25'),(81,'assumenda',42,'https://dropbox.net/yutu_music/81_42_assumenda.aac','track','00:09:07',1,'{\"genre\": \"Pop\"}',NULL,'2021-08-21 21:19:28','2021-09-23 07:33:25'),(82,'quam',47,'https://dropbox.net/yutu_music/82_47_quam.aac','track','00:03:10',0,'{\"genre\": \"Classical\"}','Fugit deleniti laborum assumenda omnis laboriosam voluptates molestias. Quia praesentium mollitia assumenda ut. Qui mollitia ut suscipit nihil.','2021-08-31 15:23:09','2021-09-23 07:33:25'),(83,'ea',36,'https://dropbox.net/yutu_music/83_36_ea.mp3','music_video','00:09:49',0,'{\"genre\": \"Pop\"}','Recusandae perspiciatis architecto nam vitae aut et. Eligendi distinctio in laboriosam ut corrupti delectus. Ullam accusantium magnam et ipsa voluptates doloremque qui. Quia nobis culpa dolores qui cum laudantium reiciendis unde.','2021-09-09 07:44:35','2021-09-23 07:33:25'),(84,'beatae',47,'https://dropbox.net/yutu_music/84_47_beatae.aac','track','00:02:29',1,'{\"genre\": \"Pop\"}','Voluptas aliquam cupiditate rerum odio accusamus. Tenetur non exercitationem illum totam omnis similique. Modi quasi rerum consequatur velit placeat quae asperiores.','2021-09-12 04:40:05','2021-09-23 07:33:25'),(85,'ex',78,'https://dropbox.net/yutu_music/85_78_ex.avi','music_video','00:07:40',0,'{\"genre\": \"Latin\"}',NULL,'2021-08-28 11:29:13','2021-09-23 07:33:25'),(86,'ipsum',92,'https://dropbox.net/yutu_music/86_92_ipsum.avi','music_video','00:09:24',1,'{\"genre\": \"Folk\"}','Inventore eum amet possimus eos. Quam laudantium nam ut harum illo. Et libero ducimus nihil delectus. Similique in in impedit quo.','2021-09-16 17:38:15','2021-09-23 07:33:25'),(87,'aut',22,'https://dropbox.net/yutu_music/87_22_aut.aac','track','00:04:04',0,'{\"genre\": \"Jazz\"}',NULL,'2021-09-19 03:41:09','2021-09-23 07:33:25'),(88,'non',14,'https://dropbox.net/yutu_music/88_14_non.flac','track','00:09:51',1,'{\"genre\": \"R&B\"}','Porro sed error ratione a ut. Excepturi voluptatem nam rerum. Est consequatur animi omnis quia.','2021-09-17 02:31:15','2021-09-23 07:33:25'),(89,'qui',56,'https://dropbox.net/yutu_music/89_56_qui.avi','music_video','00:02:18',0,'{\"genre\": \"Blues, Jazz\"}',NULL,'2021-09-06 04:11:45','2021-09-23 07:37:33'),(90,'impedit',14,'https://dropbox.net/yutu_music/90_14_impedit.flac','track','00:02:52',1,'{\"genre\": \"Jazz\"}',NULL,'2021-08-22 22:48:40','2021-09-23 07:33:25'),(91,'quam',16,'https://dropbox.net/yutu_music/91_16_quam.aac','track','00:01:08',1,'{\"genre\": \"Jazz\"}',NULL,'2021-08-22 05:49:01','2021-09-23 07:33:25'),(92,'impedit',4,'https://dropbox.net/yutu_music/92_4_impedit.avi','music_video','00:06:06',1,'{\"genre\": \"R&B\"}',NULL,'2021-09-19 13:43:16','2021-09-23 07:33:25'),(93,'error',69,'https://dropbox.net/yutu_music/93_69_error.mp3','music_video','00:06:29',1,'{\"genre\": \"Pop\"}',NULL,'2021-08-24 01:45:07','2021-09-23 07:33:25'),(94,'accusantium',64,'https://dropbox.net/yutu_music/94_64_accusantium.flac','track','00:08:11',0,'{\"genre\": \"Classical\"}','Eum necessitatibus fugiat id iusto. Aliquam dolor excepturi tempora deleniti perferendis nulla perferendis. Sit voluptatem ipsa qui aspernatur. Eum accusamus explicabo harum.','2021-09-08 06:57:37','2021-09-23 07:33:25'),(95,'hic',76,'https://dropbox.net/yutu_music/95_76_hic.mp3','music_video','00:07:41',1,'{\"genre\": \"Latin\"}',NULL,'2021-09-03 06:37:30','2021-09-23 07:33:25'),(96,'accusantium',37,'https://dropbox.net/yutu_music/96_37_accusantium.aac','track','00:08:10',0,'{\"genre\": \"Blues, Jazz\"}','Commodi sint repellendus rerum dicta cum occaecati ut. Sed quam sit quia sint porro provident perferendis. Eos a nemo voluptatem velit. Fugit vitae ab maiores nesciunt illum odio quam.','2021-08-22 07:10:48','2021-09-23 07:37:33'),(97,'ducimus',59,'https://dropbox.net/yutu_music/97_59_ducimus.flac','track','00:03:37',1,'{\"genre\": \"Jazz\"}','Aliquam ab in omnis id eaque. Qui iusto animi sint numquam. Sequi facere quis blanditiis nostrum sequi. Autem vel inventore suscipit et earum occaecati.','2021-08-24 01:14:12','2021-09-23 07:33:25'),(98,'eum',90,'https://dropbox.net/yutu_music/98_90_eum.flac','track','00:06:53',0,'{\"genre\": \"Pop\"}','Repellat nostrum excepturi vel atque. Quis iure eum fuga qui. Amet minima exercitationem molestias voluptatem.','2021-08-25 13:40:28','2021-09-23 07:33:25'),(99,'accusamus',62,'https://dropbox.net/yutu_music/99_62_accusamus.flac','track','00:05:14',0,'{\"genre\": \"Folk\"}','Libero quia rerum quo et ipsa enim. Id accusamus rerum sequi sint aliquam nobis voluptatibus. Aut fuga ea sit ullam voluptatum alias.','2021-09-08 08:25:06','2021-09-23 07:33:25'),(100,'omnis',75,'https://dropbox.net/yutu_music/100_75_omnis.mp3','music_video','00:04:08',1,'{\"genre\": \"Metal\"}',NULL,'2021-08-27 01:25:12','2021-09-23 07:33:25');
/*!40000 ALTER TABLE `media` ENABLE KEYS */;
UNLOCK TABLES;

--
-- Table structure for table `playlists`
--

DROP TABLE IF EXISTS `playlists`;
/*!40101 SET @saved_cs_client     = @@character_set_client */;
/*!50503 SET character_set_client = utf8mb4 */;
CREATE TABLE `playlists` (
  `id` int unsigned NOT NULL AUTO_INCREMENT COMMENT 'Идентификатор строки',
  `name` varchar(100) CHARACTER SET utf8mb4 COLLATE utf8mb4_unicode_ci NOT NULL COMMENT 'Наименование плейлиста',
  `artist_id` int unsigned NOT NULL COMMENT 'Ссылка на автора',
  `description` text CHARACTER SET utf8mb4 COLLATE utf8mb4_unicode_ci COMMENT 'Описание плейлиста',
  `playlist_type` enum('playlist','album') CHARACTER SET utf8mb4 COLLATE utf8mb4_unicode_ci NOT NULL DEFAULT 'playlist' COMMENT 'Тип плейлиста',
  `metadata` json DEFAULT NULL,
  `image_path` varchar(255) COLLATE utf8mb4_unicode_ci DEFAULT 'https://dropbox.net/yutu_music/default_image.png',
  `security_type` enum('private','public','link') CHARACTER SET utf8mb4 COLLATE utf8mb4_unicode_ci NOT NULL COMMENT 'Тип доступа к плейлисту',
  `net_adress` varchar(255) CHARACTER SET utf8mb4 COLLATE utf8mb4_unicode_ci NOT NULL DEFAULT 'https://music.yutu.com/playlists/' COMMENT 'Ссылка на страницу плейлиста',
  `created_at` datetime DEFAULT CURRENT_TIMESTAMP COMMENT 'Время создания строки',
  `updated_at` datetime DEFAULT CURRENT_TIMESTAMP ON UPDATE CURRENT_TIMESTAMP COMMENT 'Время обновления строки',
  PRIMARY KEY (`id`),
  KEY `playlists_artist_id_fk` (`artist_id`),
  KEY `playlists_name_idx` (`name`),
  CONSTRAINT `playlists_artist_id_fk` FOREIGN KEY (`artist_id`) REFERENCES `artists` (`id`) ON DELETE RESTRICT,
  CONSTRAINT `playlists_chk_1` CHECK (json_valid(`metadata`))
) ENGINE=InnoDB AUTO_INCREMENT=102 DEFAULT CHARSET=utf8mb4 COLLATE=utf8mb4_unicode_ci COMMENT='Плейлисты';
/*!40101 SET character_set_client = @saved_cs_client */;

--
-- Dumping data for table `playlists`
--

LOCK TABLES `playlists` WRITE;
/*!40000 ALTER TABLE `playlists` DISABLE KEYS */;
INSERT INTO `playlists` VALUES (1,'Upgradable holistic encoding',87,'','playlist',NULL,'https://dropbox.net/yutu_music/file_1.png','link','https://music.yutu.com/playlists/65c17d7055b3a6f26c2d2ede','2021-03-05 20:36:00','2021-09-24 13:59:48'),(2,'Realigned object-oriented throughput',64,'','album','{\"play_type\": \"EP\", \"date_release\": \"2011-09-05\"}','https://dropbox.net/yutu_music/file_2.png','link','https://music.yutu.com/playlists/59307f4401383390e3916e1c','2021-09-24 13:52:03','2021-09-24 13:59:48'),(3,'Down-sized tangible monitoring',59,'Sed tempora aut mollitia. Quasi dolor laudantium aut repellat facilis neque dolorem. Perspiciatis quia cum cum velit repellendus debitis praesentium eos. Debitis molestiae non odit molestiae quas praesentium.','playlist',NULL,'https://dropbox.net/yutu_music/file_3.png','link','https://music.yutu.com/playlists/4d1c17350a5d178b35bd304d','2021-02-28 22:45:12','2021-09-24 13:59:48'),(4,'Customer-focused intangible middleware',4,'','playlist',NULL,'https://dropbox.net/yutu_music/file_4.png','private','https://music.yutu.com/playlists/b4c5acede1c25713ad1c5028','2021-01-06 15:13:16','2021-09-24 13:59:48'),(5,'Total modular challenge',41,'Consectetur autem omnis perspiciatis et qui minima pariatur dolores. Consequatur aliquam velit exercitationem iste mollitia est. Quas excepturi eaque architecto nihil sed eum.','album','{\"play_type\": \"SP\", \"date_release\": \"2011-09-15\"}','https://dropbox.net/yutu_music/file_5.png','private','https://music.yutu.com/playlists/abf5e0ae4567b490051919cf','2021-09-24 13:52:03','2021-09-24 13:59:48'),(6,'Triple-buffered system-worthy internetsolution',92,'','playlist',NULL,'https://dropbox.net/yutu_music/file_6.png','private','https://music.yutu.com/playlists/cbf45286133d5ea2d573e141','2021-06-06 14:21:52','2021-09-24 13:59:48'),(7,'Customer-focused nextgeneration ability',38,'Accusamus eius quis facere harum reprehenderit nesciunt animi enim. Quaerat voluptatem ea eius enim ratione magnam praesentium. Ad nemo occaecati voluptate quia temporibus. Blanditiis quia voluptatem sint.','album','{\"play_type\": \"SP\", \"date_release\": \"2011-09-05\"}','https://dropbox.net/yutu_music/file_7.png','link','https://music.yutu.com/playlists/0a800adc58ebd813ca3ed388','2021-09-24 13:52:03','2021-09-24 13:59:48'),(8,'Extended motivating benchmark',14,'Hic sapiente est et rerum quibusdam. Voluptatem voluptas quia omnis quidem ad expedita nihil. Sapiente recusandae earum est suscipit et sequi sit. Dolorem molestiae tempore rem quis eos.','playlist',NULL,'https://dropbox.net/yutu_music/file_8.png','public','https://music.yutu.com/playlists/c7838fa644ca19382547b56c','2021-06-04 08:34:01','2021-09-24 13:59:48'),(9,'Polarised hybrid encryption',56,'Quae quae delectus ab ipsam ut. Magni itaque est quia dolores ratione est explicabo. In at eveniet minima maxime incidunt aut. Aliquid eveniet placeat perferendis debitis provident incidunt.','album','{\"play_type\": \"SP\", \"date_release\": \"2011-09-20\"}','https://dropbox.net/yutu_music/file_9.png','public','https://music.yutu.com/playlists/9486edf21db76836f89297bc','2021-09-24 13:52:03','2021-09-24 13:59:48'),(10,'Enterprise-wide upward-trending focusgroup',35,'Modi at optio explicabo occaecati quis. Dolorum voluptatibus enim non quasi cupiditate rerum. Odit omnis eius error qui. Sed saepe laudantium autem.','album','{\"play_type\": \"SP\", \"date_release\": \"2011-09-15\"}','https://dropbox.net/yutu_music/file_10.png','link','https://music.yutu.com/playlists/8d75c899629d7cc8021f5660','2021-09-24 13:52:03','2021-09-24 13:59:48'),(11,'Open-architected nextgeneration approach',9,'Vel ipsum expedita aut error veritatis voluptatem. Qui omnis necessitatibus quo accusamus quia aut id. Cupiditate repudiandae vel nobis nesciunt a ipsam.','playlist',NULL,'https://dropbox.net/yutu_music/file_11.png','private','https://music.yutu.com/playlists/59c5fd08bf3badf2218c9192','2021-04-03 06:32:11','2021-09-24 13:59:48'),(12,'Compatible 6thgeneration project',37,'','album','{\"play_type\": \"SP\", \"date_release\": \"2011-08-30\"}','https://dropbox.net/yutu_music/file_12.png','link','https://music.yutu.com/playlists/2c7bdf453c9e418c6057b5ff','2021-09-24 13:52:03','2021-09-24 13:59:48'),(13,'Managed didactic analyzer',59,'','playlist',NULL,'https://dropbox.net/yutu_music/file_13.png','public','https://music.yutu.com/playlists/60115690bbb966decd6e2fe6','2021-09-21 05:48:32','2021-09-24 13:59:48'),(14,'Diverse heuristic groupware',82,'','playlist',NULL,'https://dropbox.net/yutu_music/file_14.png','public','https://music.yutu.com/playlists/3fe6a614f081367a4c3494c9','2021-07-17 17:34:56','2021-09-24 13:59:48'),(15,'Triple-buffered maximized strategy',34,'','playlist',NULL,'https://dropbox.net/yutu_music/file_15.png','link','https://music.yutu.com/playlists/7c6b00b16fff412627a8eb35','2021-01-29 04:09:01','2021-09-24 13:59:48'),(16,'Versatile secondary monitoring',24,'','playlist',NULL,'https://dropbox.net/yutu_music/file_16.png','public','https://music.yutu.com/playlists/791b734ca05ee564b31ed60a','2020-12-23 18:17:58','2021-09-24 13:59:48'),(17,'Quality-focused encompassing localareanetwork',17,'','album','{\"play_type\": \"EP\", \"date_release\": \"2011-09-04\"}','https://dropbox.net/yutu_music/file_17.png','link','https://music.yutu.com/playlists/438e7a4f8b9cf5effed0d86e','2021-09-24 13:52:03','2021-09-24 13:59:48'),(18,'Stand-alone multi-tasking website',13,'Id est facilis veniam officiis. Consequatur nam recusandae libero qui natus vero minus. Laudantium sit eum iste culpa sint distinctio iure.','album','{\"play_type\": \"LP\", \"date_release\": \"2011-09-01\"}','https://dropbox.net/yutu_music/file_18.png','public','https://music.yutu.com/playlists/f1b3dc6e722f68e43760cf95','2021-09-24 13:52:03','2021-09-24 13:59:48'),(19,'Automated 24hour help-desk',13,'','album','{\"play_type\": \"SP\", \"date_release\": \"2011-09-15\"}','https://dropbox.net/yutu_music/file_19.png','link','https://music.yutu.com/playlists/d26fe8e919001b44ec9683a2','2021-09-24 13:52:03','2021-09-24 13:59:48'),(20,'Reverse-engineered empowering solution',25,'Aspernatur recusandae et delectus non quaerat dolores quia. Provident odio dolorum minus qui ipsam. Excepturi aut maxime commodi ut. Numquam autem vero ut facere eligendi dolor.','album','{\"play_type\": \"EP\", \"date_release\": \"2011-09-03\"}','https://dropbox.net/yutu_music/file_20.png','link','https://music.yutu.com/playlists/33d6ee710319a2a80e87654b','2021-09-24 13:52:03','2021-09-24 13:59:48'),(21,'Stand-alone mission-critical focusgroup',84,'Provident aut officia cumque porro laborum eum. Consequatur commodi quis enim expedita. Id quas autem in ut adipisci velit. Itaque consequatur aut cupiditate consequatur minima perferendis accusamus.','playlist',NULL,'https://dropbox.net/yutu_music/file_21.png','public','https://music.yutu.com/playlists/e586d171eedc46947247d11b','2021-01-07 05:19:50','2021-09-24 13:59:48'),(22,'Robust non-volatile moratorium',47,'','album','{\"play_type\": \"SP\", \"date_release\": \"2011-09-15\"}','https://dropbox.net/yutu_music/file_22.png','public','https://music.yutu.com/playlists/51a04cf8fcd57bbcc0ed434f','2021-09-24 13:52:03','2021-09-24 13:59:48'),(23,'Compatible uniform forecast',80,'','album','{\"play_type\": \"LP\", \"date_release\": \"2011-08-30\"}','https://dropbox.net/yutu_music/file_23.png','private','https://music.yutu.com/playlists/266fb0e1b5886c05b5a05ee8','2021-09-24 13:52:03','2021-09-24 13:59:48'),(24,'Business-focused solution-oriented help-desk',58,'','album','{\"play_type\": \"LP\", \"date_release\": \"2011-09-21\"}','https://dropbox.net/yutu_music/file_24.png','public','https://music.yutu.com/playlists/78e5a77877336b242f0cf071','2021-09-24 13:52:03','2021-09-24 13:59:48'),(25,'Visionary coherent monitoring',50,'','playlist',NULL,'https://dropbox.net/yutu_music/file_25.png','link','https://music.yutu.com/playlists/3319a3e9ae8a652f042e2c1c','2021-06-06 20:41:02','2021-09-24 13:59:48'),(26,'Quality-focused attitude-oriented groupware',75,'Ut qui vel eum nobis quia ut veniam. Aut quibusdam consequatur ut porro alias. Voluptatem dolorum necessitatibus velit reiciendis est quam. Aut quia itaque molestiae ut vel.','album','{\"play_type\": \"SP\", \"date_release\": \"2011-08-27\"}','https://dropbox.net/yutu_music/file_26.png','link','https://music.yutu.com/playlists/8beace07abeea5dfbe63f829','2021-09-24 13:52:03','2021-09-24 13:59:48'),(27,'Sharable eco-centric function',26,'Itaque quo voluptatem ab est consectetur accusantium. Distinctio nam ducimus id et id.','playlist',NULL,'https://dropbox.net/yutu_music/file_27.png','private','https://music.yutu.com/playlists/13343d974dbf6c797968da4c','2020-09-28 10:51:36','2021-09-24 13:59:48'),(28,'Fundamental local architecture',3,'','playlist',NULL,'https://dropbox.net/yutu_music/file_28.png','link','https://music.yutu.com/playlists/671b60d02ff5d16a1afd14ee','2020-12-12 17:39:25','2021-09-24 13:59:48'),(29,'Secured human-resource info-mediaries',36,'','playlist',NULL,'https://dropbox.net/yutu_music/file_29.png','private','https://music.yutu.com/playlists/c69cc21bc55adda023ce06c0','2021-07-26 13:10:32','2021-09-24 13:59:48'),(30,'Realigned optimal systemengine',71,'Sunt aspernatur vitae aspernatur veniam voluptate quasi. Et sit facere veritatis repudiandae maxime. Suscipit animi nihil nihil deleniti sint autem consequuntur dolor. Similique blanditiis eveniet nam velit molestiae facere quis.','playlist',NULL,'https://dropbox.net/yutu_music/file_30.png','public','https://music.yutu.com/playlists/ab64ecc504519c602349c5bb','2020-11-16 19:32:53','2021-09-24 13:59:48'),(31,'Organic content-based protocol',47,'','playlist',NULL,'https://dropbox.net/yutu_music/file_31.png','private','https://music.yutu.com/playlists/ea64f1e9a78f4b1ee46df66f','2021-04-15 01:40:22','2021-09-24 13:59:48'),(32,'Optional contextually-based orchestration',23,'','album','{\"play_type\": \"SP\", \"date_release\": \"2011-09-20\"}','https://dropbox.net/yutu_music/file_32.png','private','https://music.yutu.com/playlists/b15c62531929f3cbc7c8428f','2021-09-24 13:52:03','2021-09-24 13:59:48'),(33,'Enhanced systemic customerloyalty',72,'Quia error aut quam qui fuga magnam inventore. Voluptas ipsa tempore eius voluptatem unde esse sit labore. Sapiente molestias ut iusto blanditiis rerum omnis sapiente.','album','{\"play_type\": \"EP\", \"date_release\": \"2011-08-27\"}','https://dropbox.net/yutu_music/file_33.png','private','https://music.yutu.com/playlists/f394faff21b2f3eb026a57c5','2021-09-24 13:52:03','2021-09-24 13:59:48'),(34,'Pre-emptive coherent capacity',89,'','playlist',NULL,'https://dropbox.net/yutu_music/file_34.png','public','https://music.yutu.com/playlists/b243bfdf92dfe7f85e2aef80','2020-10-21 16:29:53','2021-09-24 13:59:48'),(35,'Adaptive nextgeneration algorithm',28,'','playlist',NULL,'https://dropbox.net/yutu_music/file_35.png','private','https://music.yutu.com/playlists/f7edd28e0cab77822a092c4d','2021-04-10 20:17:00','2021-09-24 13:59:48'),(36,'Function-based tangible project',74,'','album','{\"play_type\": \"SP\", \"date_release\": \"2011-09-01\"}','https://dropbox.net/yutu_music/file_36.png','private','https://music.yutu.com/playlists/dba52027eab70a558a28f343','2021-09-24 13:52:03','2021-09-24 13:59:48'),(37,'Up-sized system-worthy attitude',87,'','album','{\"play_type\": \"EP\", \"date_release\": \"2011-09-02\"}','https://dropbox.net/yutu_music/file_37.png','link','https://music.yutu.com/playlists/daece9b9db104df243b8e466','2021-09-24 13:52:03','2021-09-24 13:59:48'),(38,'Cross-group client-server systemengine',12,'','album','{\"play_type\": \"SP\", \"date_release\": \"2011-08-27\"}','https://dropbox.net/yutu_music/file_38.png','link','https://music.yutu.com/playlists/6095edf238d71157e94cfd6d','2021-09-24 13:52:03','2021-09-24 13:59:48'),(39,'Realigned client-server website',100,'','album','{\"play_type\": \"SP\", \"date_release\": \"2011-09-04\"}','https://dropbox.net/yutu_music/file_39.png','link','https://music.yutu.com/playlists/5277cb8e813596d1099d9900','2021-09-24 13:52:03','2021-09-24 13:59:48'),(40,'Configurable nextgeneration initiative',62,'Reiciendis occaecati dignissimos vero omnis cumque. Soluta inventore est nobis officiis necessitatibus. Et natus illum et ut quasi.','album','{\"play_type\": \"SP\", \"date_release\": \"2011-09-18\"}','https://dropbox.net/yutu_music/file_40.png','public','https://music.yutu.com/playlists/408beb6d40c9b4e6d63c74bc','2021-09-24 13:52:03','2021-09-24 13:59:48'),(41,'Triple-buffered radical ability',9,'','album','{\"play_type\": \"LP\", \"date_release\": \"2011-09-11\"}','https://dropbox.net/yutu_music/file_41.png','public','https://music.yutu.com/playlists/988315097b03bcf561ca579d','2021-09-24 13:52:03','2021-09-24 13:59:48'),(42,'De-engineered didactic info-mediaries',60,'Aut nesciunt in et. Dolores consequuntur quod dolorem quia voluptatibus totam. Eveniet eaque quia incidunt ut nemo.','playlist',NULL,'https://dropbox.net/yutu_music/file_42.png','link','https://music.yutu.com/playlists/c056198ae055f6e62e7e38ff','2021-01-25 02:15:23','2021-09-24 13:59:48'),(43,'Reverse-engineered optimal policy',72,'Ut in laudantium dolor quae aut repellendus quis. Consequatur impedit fugiat quo explicabo perspiciatis. Deserunt nemo molestias illo voluptas maxime velit non.','album','{\"play_type\": \"EP\", \"date_release\": \"2011-08-22\"}','https://dropbox.net/yutu_music/file_43.png','link','https://music.yutu.com/playlists/fe56c7828aabd6d3a1d367ae','2021-09-24 13:52:03','2021-09-24 13:59:48'),(44,'Monitored hybrid intranet',77,'Quo enim facere nemo consequatur sint impedit eum. Quaerat autem maiores doloremque quis officia aspernatur modi. Nostrum quibusdam odit rerum qui nisi in sint est. Magnam et voluptates autem.','playlist',NULL,'https://dropbox.net/yutu_music/file_44.png','link','https://music.yutu.com/playlists/bb2160d234ce05dadf836c67','2021-08-02 02:00:39','2021-09-24 13:59:48'),(45,'Fully-configurable actuating interface',72,'','album','{\"play_type\": \"LP\", \"date_release\": \"2011-08-29\"}','https://dropbox.net/yutu_music/file_45.png','public','https://music.yutu.com/playlists/a1d04fcba92fe577f35a197b','2021-09-24 13:52:03','2021-09-24 13:59:48'),(46,'Operative executive budgetarymanagement',26,'','playlist',NULL,'https://dropbox.net/yutu_music/file_46.png','private','https://music.yutu.com/playlists/60b8cac54547d9da685182cc','2021-08-11 02:54:17','2021-09-24 13:59:48'),(47,'User-centric explicit conglomeration',13,'Aspernatur amet est illo est tenetur. Dicta maxime dolores et reiciendis et repudiandae voluptatibus.','playlist',NULL,'https://dropbox.net/yutu_music/file_47.png','public','https://music.yutu.com/playlists/690e7064539b1396641ce2c1','2020-12-22 01:07:53','2021-09-24 13:59:48'),(48,'Reverse-engineered mobile architecture',85,'Architecto et expedita ut libero quae excepturi. Amet laboriosam iste ducimus quo. In molestiae quisquam quasi quasi.','album','{\"play_type\": \"SP\", \"date_release\": \"2011-08-28\"}','https://dropbox.net/yutu_music/file_48.png','link','https://music.yutu.com/playlists/496d9dc6312312289d2315f7','2021-09-24 13:52:03','2021-09-24 13:59:48'),(49,'Balanced logistical time-frame',89,'','playlist',NULL,'https://dropbox.net/yutu_music/file_49.png','private','https://music.yutu.com/playlists/2f973d0ea343db777d31fe62','2021-04-21 05:55:53','2021-09-24 13:59:48'),(50,'Phased empowering model',89,'','playlist',NULL,'https://dropbox.net/yutu_music/file_50.png','private','https://music.yutu.com/playlists/d68cf54f34a8bd90846f4624','2021-05-09 14:06:57','2021-09-24 13:59:48'),(51,'Digitized well-modulated array',77,'Dolore porro tempore illo et sit ut molestiae. Molestias possimus nam qui perferendis dolor repellendus aut quisquam. Fuga non cupiditate repudiandae cum. Quas modi qui eaque eum eveniet aut laboriosam distinctio.','album','{\"play_type\": \"EP\", \"date_release\": \"2011-09-02\"}','https://dropbox.net/yutu_music/file_51.png','public','https://music.yutu.com/playlists/612f5147b628f7ca509d3ed2','2021-09-24 13:52:03','2021-09-24 13:59:48'),(52,'Open-architected transitional hub',19,'Accusantium iusto aut exercitationem. Aut et soluta aliquid modi repellendus quis voluptas officia. Non dolorem ex pariatur quos.','playlist',NULL,'https://dropbox.net/yutu_music/file_52.png','private','https://music.yutu.com/playlists/722e8d1569b1d529358b99fb','2021-03-19 14:31:25','2021-09-24 13:59:48'),(53,'Assimilated systemic neural-net',63,'Quia et et tempora quos sapiente voluptatum cupiditate dignissimos. Et omnis et maiores magni corrupti assumenda. Architecto et occaecati corrupti corporis exercitationem commodi.','album','{\"play_type\": \"LP\", \"date_release\": \"2011-08-23\"}','https://dropbox.net/yutu_music/file_53.png','link','https://music.yutu.com/playlists/744cdd26108d4c52e4114f16','2021-09-24 13:52:03','2021-09-24 13:59:48'),(54,'Organized client-driven data-warehouse',55,'Sed fugit repellendus in architecto laboriosam non delectus. Sit sapiente ex sit quia ea recusandae qui. Minima aut est sed fugit iste dignissimos inventore.','playlist',NULL,'https://dropbox.net/yutu_music/file_54.png','link','https://music.yutu.com/playlists/50a7bf3c45032d13d4d131cf','2020-12-16 13:46:20','2021-09-24 13:59:48'),(55,'Programmable intangible task-force',89,'Dolor eum atque porro molestiae. Ad consequuntur inventore consequatur. Quisquam ea et qui tempora iure.','album','{\"play_type\": \"LP\", \"date_release\": \"2011-08-23\"}','https://dropbox.net/yutu_music/file_55.png','private','https://music.yutu.com/playlists/4f134df88d51b97b9b1b8a9f','2021-09-24 13:52:03','2021-09-24 13:59:48'),(56,'Managed eco-centric forecast',78,'Dolor ad id est quasi modi fuga. Sed deserunt voluptatem labore sunt quia et autem quibusdam. Dicta optio sapiente nam molestias est.','playlist',NULL,'https://dropbox.net/yutu_music/file_56.png','public','https://music.yutu.com/playlists/4d40a080e03bf9765af032aa','2021-04-01 02:05:45','2021-09-24 13:59:48'),(57,'Grass-roots high-level orchestration',23,'','playlist',NULL,'https://dropbox.net/yutu_music/file_57.png','link','https://music.yutu.com/playlists/92e59a87d4742f8e2b689bed','2020-10-24 23:46:34','2021-09-24 13:59:48'),(58,'Secured bifurcated data-warehouse',80,'Praesentium rem in nam nisi. Et consequatur eum nihil minima. Nihil beatae tempore et voluptas aut magnam. Fugit magni distinctio voluptatem excepturi laboriosam aut.','playlist',NULL,'https://dropbox.net/yutu_music/file_58.png','link','https://music.yutu.com/playlists/d023c5ed665ff7c8cdcc2218','2021-05-10 21:06:38','2021-09-24 13:59:48'),(59,'Diverse leadingedge budgetarymanagement',32,'','album','{\"play_type\": \"SP\", \"date_release\": \"2011-09-15\"}','https://dropbox.net/yutu_music/file_59.png','public','https://music.yutu.com/playlists/89e515d461f0e082cea6b3b4','2021-09-24 13:52:03','2021-09-24 13:59:48'),(60,'Cross-platform real-time leverage',21,'Aut voluptas ut rem molestias. Aut in beatae hic. Voluptatem quia voluptatem molestiae nesciunt sit consectetur.','playlist',NULL,'https://dropbox.net/yutu_music/file_60.png','link','https://music.yutu.com/playlists/d76e1fbf50018893ca540c0b','2021-04-17 17:45:15','2021-09-24 13:59:48'),(61,'Object-based attitude-oriented ability',5,'Corporis dicta blanditiis velit. Vel voluptate tempora sint delectus atque facere doloremque. Quisquam vel vero animi qui atque.','playlist',NULL,'https://dropbox.net/yutu_music/file_61.png','private','https://music.yutu.com/playlists/99ab5b7950f8674e1fa85879','2020-11-05 03:34:11','2021-09-24 13:59:48'),(62,'Networked system-worthy collaboration',63,'','album','{\"play_type\": \"LP\", \"date_release\": \"2011-08-21\"}','https://dropbox.net/yutu_music/file_62.png','private','https://music.yutu.com/playlists/9c8759e22b16fdf08d4a49ce','2021-09-24 13:52:03','2021-09-24 13:59:48'),(63,'Managed 24/7 hardware',100,'Placeat quos qui atque. Tempora at quia ipsa et ipsum assumenda distinctio ut. Reprehenderit rerum veniam et. Id maxime explicabo veritatis vel ut enim eius. Qui asperiores et minima repudiandae dolorem consectetur.','album','{\"play_type\": \"LP\", \"date_release\": \"2011-09-03\"}','https://dropbox.net/yutu_music/file_63.png','link','https://music.yutu.com/playlists/1c56aab45accc6408da123a1','2021-09-24 13:52:03','2021-09-24 13:59:48'),(64,'Managed optimizing productivity',10,'','playlist',NULL,'https://dropbox.net/yutu_music/file_64.png','public','https://music.yutu.com/playlists/0c35c612f963a8ff070623f9','2021-01-13 10:34:33','2021-09-24 13:59:48'),(65,'Automated radical pricingstructure',49,'Id et explicabo quo nihil. In vero et vel doloribus. Mollitia inventore est nihil commodi veniam ea. Inventore aperiam atque aut fuga corrupti reprehenderit.','playlist',NULL,'https://dropbox.net/yutu_music/file_65.png','private','https://music.yutu.com/playlists/77be4d371f62731eabbbf03d','2021-05-06 14:49:54','2021-09-24 13:59:48'),(66,'Customer-focused encompassing project',17,'','playlist',NULL,'https://dropbox.net/yutu_music/file_66.png','link','https://music.yutu.com/playlists/613344626a3878a8176a65dc','2021-07-18 23:29:09','2021-09-24 13:59:48'),(67,'Vision-oriented secondary moderator',35,'Non necessitatibus dolor itaque in. Voluptatem veniam perspiciatis reprehenderit libero. Voluptate adipisci nisi qui consequatur illo voluptatem tempore animi. Praesentium rerum totam voluptas nisi eum sint delectus.','playlist',NULL,'https://dropbox.net/yutu_music/file_67.png','public','https://music.yutu.com/playlists/6e88ffaade1021890a28636c','2020-11-03 11:05:24','2021-09-24 13:59:48'),(68,'User-centric composite productivity',24,'Ut quia rerum perferendis unde dolore. Sit fuga repellendus alias alias. Et fugit sapiente excepturi consequatur at rerum non.','playlist',NULL,'https://dropbox.net/yutu_music/file_68.png','private','https://music.yutu.com/playlists/6a14ede68de3960a2373b80a','2020-11-23 13:17:55','2021-09-24 13:59:48'),(69,'Robust optimal array',13,'','album','{\"play_type\": \"LP\", \"date_release\": \"2011-09-19\"}','https://dropbox.net/yutu_music/file_69.png','private','https://music.yutu.com/playlists/7f3d5431c79238248aa06c66','2021-09-24 13:52:03','2021-09-24 13:59:48'),(70,'Future-proofed demand-driven moderator',94,'','playlist',NULL,'https://dropbox.net/yutu_music/file_70.png','link','https://music.yutu.com/playlists/e500cae9333a30f1733c3c41','2021-03-10 11:28:05','2021-09-24 13:59:48'),(71,'User-friendly fault-tolerant adapter',30,'Aliquid et et sunt dolores provident nihil. Rerum doloremque natus earum praesentium. Ut dolores eaque est error nemo.','album','{\"play_type\": \"LP\", \"date_release\": \"2011-09-02\"}','https://dropbox.net/yutu_music/file_71.png','private','https://music.yutu.com/playlists/0845231c8ae93917c510cecc','2021-09-24 13:52:03','2021-09-24 13:59:48'),(72,'Business-focused dynamic circuit',68,'Ab voluptatem et odit non. Voluptas et dolorum et quasi optio perspiciatis inventore vel. Natus molestiae consectetur sed vero aliquid soluta.','playlist',NULL,'https://dropbox.net/yutu_music/file_72.png','private','https://music.yutu.com/playlists/f5a61e48177ab6d352d59250','2021-04-02 07:19:15','2021-09-24 13:59:48'),(73,'Realigned composite task-force',50,'Sit ut nam nihil eum necessitatibus architecto. Doloribus eligendi asperiores sit tenetur autem modi. Accusamus est adipisci et. Aspernatur aut dolorem rerum expedita quae.','album','{\"play_type\": \"EP\", \"date_release\": \"2011-09-10\"}','https://dropbox.net/yutu_music/file_73.png','public','https://music.yutu.com/playlists/50f9379f852818111a249892','2021-09-24 13:52:03','2021-09-24 13:59:48'),(74,'Intuitive bottom-line matrices',44,'','playlist',NULL,'https://dropbox.net/yutu_music/file_74.png','private','https://music.yutu.com/playlists/60dbd70dd77183900081b452','2020-12-27 20:39:56','2021-09-24 13:59:48'),(75,'Right-sized motivating help-desk',69,'','album','{\"play_type\": \"SP\", \"date_release\": \"2011-08-23\"}','https://dropbox.net/yutu_music/file_75.png','private','https://music.yutu.com/playlists/3b02f5999a18f595fbb4c22b','2021-09-24 13:52:03','2021-09-24 13:59:48'),(76,'Public-key grid-enabled service-desk',12,'','playlist',NULL,'https://dropbox.net/yutu_music/file_76.png','private','https://music.yutu.com/playlists/2dc7aad5dbe0f318e5e39666','2021-05-29 02:16:11','2021-09-24 13:59:48'),(77,'Proactive value-added processimprovement',55,'Vel autem provident corporis est. Sapiente iusto eum deleniti maxime dolor exercitationem quo. Ab illo odio et corporis voluptates.','playlist',NULL,'https://dropbox.net/yutu_music/file_77.png','private','https://music.yutu.com/playlists/eb7d85ddc08b33188b5bffd5','2021-04-15 12:10:27','2021-09-24 13:59:48'),(78,'Extended tangible hardware',39,'','playlist',NULL,'https://dropbox.net/yutu_music/file_78.png','public','https://music.yutu.com/playlists/d9dd23020e0cd7c28164e6c3','2021-05-06 23:47:59','2021-09-24 13:59:48'),(79,'Up-sized context-sensitive moderator',30,'','playlist',NULL,'https://dropbox.net/yutu_music/file_79.png','link','https://music.yutu.com/playlists/82b6db26589bc5ed9c5dc53d','2021-05-19 15:31:28','2021-09-24 13:59:48'),(80,'Mandatory tangible hardware',32,'','playlist',NULL,'https://dropbox.net/yutu_music/file_80.png','private','https://music.yutu.com/playlists/3347f4aa459b060b89f4564a','2021-02-10 15:38:38','2021-09-24 13:59:48'),(81,'Proactive discrete circuit',68,'Eos iusto enim et dolor aut deleniti doloremque. Rerum consequatur quia eos illum. Ducimus odit nostrum eum ut velit iusto.','album','{\"play_type\": \"EP\", \"date_release\": \"2011-09-11\"}','https://dropbox.net/yutu_music/file_81.png','public','https://music.yutu.com/playlists/ccad79de19e7a887f69cf9c0','2021-09-24 13:52:03','2021-09-24 13:59:48'),(82,'Optimized 24hour leverage',44,'','album','{\"play_type\": \"EP\", \"date_release\": \"2011-08-24\"}','https://dropbox.net/yutu_music/file_82.png','link','https://music.yutu.com/playlists/b70f8ef2ed84dc6af94354e4','2021-09-24 13:52:03','2021-09-24 13:59:48'),(83,'Digitized discrete encoding',14,'Doloribus iste ut excepturi ad ut eos ab mollitia. Qui quo ullam velit repudiandae sint. Consequatur sed sequi laudantium.','playlist',NULL,'https://dropbox.net/yutu_music/file_83.png','public','https://music.yutu.com/playlists/f6dcf495cd6e942f862ddc3f','2021-08-09 15:21:16','2021-09-24 13:59:48'),(84,'Enterprise-wide systematic GraphicInterface',39,'Non illo et est consequatur et est magni atque. Vel nostrum vero ducimus corporis est quia. Sit id esse ad velit ad voluptas.','album','{\"play_type\": \"SP\", \"date_release\": \"2011-08-29\"}','https://dropbox.net/yutu_music/file_84.png','public','https://music.yutu.com/playlists/25116d8c01d320d03e82a499','2021-09-24 13:52:03','2021-09-24 13:59:48'),(85,'Assimilated static function',53,'Non ut et quidem enim. Officia temporibus quo odio. Ad minima doloribus assumenda excepturi sint.','album','{\"play_type\": \"LP\", \"date_release\": \"2011-09-12\"}','https://dropbox.net/yutu_music/file_85.png','private','https://music.yutu.com/playlists/ab81f8556b1e8e7069877117','2021-09-24 13:52:03','2021-09-24 13:59:48'),(86,'Grass-roots multimedia circuit',47,'Blanditiis sed totam esse recusandae atque ad. Nihil rerum illum et dolores blanditiis maiores. Quas quasi omnis illo illum dolor consequatur.','album','{\"play_type\": \"SP\", \"date_release\": \"2011-09-18\"}','https://dropbox.net/yutu_music/file_86.png','private','https://music.yutu.com/playlists/dbe8b8e88360c80bbfc09c9e','2021-09-24 13:52:03','2021-09-24 13:59:48'),(87,'Programmable optimizing analyzer',76,'Ipsa consectetur sapiente consequuntur vero in. Culpa tempora voluptates dicta autem. Provident sunt maxime architecto dolor fugiat ad. Voluptatem quibusdam et exercitationem.','playlist',NULL,'https://dropbox.net/yutu_music/file_87.png','private','https://music.yutu.com/playlists/8e9429827aa68391efc2ff88','2021-06-24 06:31:53','2021-09-24 13:59:48'),(88,'Sharable attitude-oriented utilisation',39,'Exercitationem eaque aperiam at consequatur quia. Veniam suscipit libero ex similique.','album','{\"play_type\": \"LP\", \"date_release\": \"2011-08-28\"}','https://dropbox.net/yutu_music/file_88.png','public','https://music.yutu.com/playlists/f1668b05d00718b54ea60278','2021-09-24 13:52:03','2021-09-24 13:59:48'),(89,'Adaptive real-time productivity',66,'Sit aut laborum nesciunt voluptatibus. Omnis ex enim optio repellat rem amet nam. Doloribus esse itaque velit aut. Facere magnam facere necessitatibus.','playlist',NULL,'https://dropbox.net/yutu_music/file_89.png','private','https://music.yutu.com/playlists/6e83fabc001c1265eac8a240','2021-04-27 19:08:06','2021-09-24 13:59:48'),(90,'Synergized 3rdgeneration firmware',13,'','playlist',NULL,'https://dropbox.net/yutu_music/file_90.png','public','https://music.yutu.com/playlists/6f05fdf3096bc55ff45f0e56','2020-10-09 16:36:46','2021-09-24 13:59:48'),(91,'Proactive impactful localareanetwork',65,'Alias voluptas ut ratione soluta rem hic accusamus. Itaque at ea veniam. Ut ducimus commodi unde in. Excepturi voluptatem sit id quia.','playlist',NULL,'https://dropbox.net/yutu_music/file_91.png','public','https://music.yutu.com/playlists/0e6e9a01c1a05ff685cd082b','2020-11-04 21:27:35','2021-09-24 13:59:48'),(92,'Streamlined clear-thinking internetsolution',86,'','playlist',NULL,'https://dropbox.net/yutu_music/file_92.png','private','https://music.yutu.com/playlists/4cf82f3f04866474db079505','2021-05-09 16:08:30','2021-09-24 13:59:48'),(93,'Multi-tiered bifurcated success',33,'Nesciunt ipsum quos accusamus veniam non iure. Inventore maxime et inventore et. Corrupti temporibus nemo et.','album','{\"play_type\": \"EP\", \"date_release\": \"2011-09-20\"}','https://dropbox.net/yutu_music/file_93.png','private','https://music.yutu.com/playlists/e54726caeb4034eec4cf2029','2021-09-24 13:52:03','2021-09-24 13:59:48'),(94,'Universal multi-tasking utilisation',6,'','album','{\"play_type\": \"EP\", \"date_release\": \"2011-09-13\"}','https://dropbox.net/yutu_music/file_94.png','link','https://music.yutu.com/playlists/33a36996293797abbe8063e6','2021-09-24 13:52:03','2021-09-24 13:59:48'),(95,'Total discrete forecast',31,'Ea incidunt recusandae rerum hic sit. Exercitationem quasi laudantium dolores enim. Fugiat et et vel inventore autem cum. Dignissimos vel temporibus quaerat libero expedita quo dolor.','album','{\"play_type\": \"LP\", \"date_release\": \"2011-09-10\"}','https://dropbox.net/yutu_music/file_95.png','private','https://music.yutu.com/playlists/21880e5225794b3220a71419','2021-09-24 13:52:03','2021-09-24 13:59:48'),(96,'Synergized maximized matrix',35,'Dolorum dolorum minima nostrum delectus facere cupiditate. Aut ea porro voluptatem rerum itaque. Rem ex dolorem quidem dignissimos ea magnam eos. Et nostrum recusandae magnam non.','playlist',NULL,'https://dropbox.net/yutu_music/file_96.png','link','https://music.yutu.com/playlists/05ed8e1a3edb8e65aefbdbb5','2020-10-13 05:28:56','2021-09-24 13:59:48'),(97,'Synergized mobile capacity',85,'Id est nobis ea iure velit commodi. Aut aspernatur aut provident quia et. Sit earum impedit et omnis tempore velit expedita. Excepturi cumque quas mollitia excepturi amet quas nobis temporibus. Et labore laboriosam aut fuga quia eligendi autem.','playlist',NULL,'https://dropbox.net/yutu_music/file_97.png','public','https://music.yutu.com/playlists/5978896cea7a0af3707b403a','2020-12-04 11:33:57','2021-09-24 13:59:48'),(98,'Versatile object-oriented architecture',17,'','playlist',NULL,'https://dropbox.net/yutu_music/file_98.png','link','https://music.yutu.com/playlists/233bd8d1d7213e2e39b65dfd','2021-07-06 04:52:00','2021-09-24 13:59:48'),(99,'Realigned heuristic solution',29,'Porro in error temporibus et blanditiis ipsa explicabo. Consequuntur harum ipsam dicta.','album','{\"play_type\": \"LP\", \"date_release\": \"2011-08-21\"}','https://dropbox.net/yutu_music/file_99.png','public','https://music.yutu.com/playlists/076bd572eabf2ad4b6189880','2021-09-24 13:52:03','2021-09-24 13:59:48'),(100,'Assimilated static processimprovement',95,'','album','{\"play_type\": \"SP\", \"date_release\": \"2011-09-16\"}','https://dropbox.net/yutu_music/file_100.png','link','https://music.yutu.com/playlists/326fa145c0c8ab2126087d24','2021-09-24 13:52:03','2021-09-24 13:59:48'),(101,'Playlists for running',99,'This playlists was created by runner.','playlist',NULL,'https://dropbox.net/yutu_music/default_image.png','public','https://music.yutu.com/playlists/986d209a-6dee-70a1-97e9-4645c2a85ce1','2021-09-24 15:45:42','2021-09-24 15:45:42');
/*!40000 ALTER TABLE `playlists` ENABLE KEYS */;
UNLOCK TABLES;
/*!50003 SET @saved_cs_client      = @@character_set_client */ ;
/*!50003 SET @saved_cs_results     = @@character_set_results */ ;
/*!50003 SET @saved_col_connection = @@collation_connection */ ;
/*!50003 SET character_set_client  = utf8mb4 */ ;
/*!50003 SET character_set_results = utf8mb4 */ ;
/*!50003 SET collation_connection  = utf8mb4_0900_ai_ci */ ;
/*!50003 SET @saved_sql_mode       = @@sql_mode */ ;
/*!50003 SET sql_mode              = 'ONLY_FULL_GROUP_BY,STRICT_TRANS_TABLES,NO_ZERO_IN_DATE,NO_ZERO_DATE,ERROR_FOR_DIVISION_BY_ZERO,NO_ENGINE_SUBSTITUTION' */ ;
DELIMITER ;;
/*!50003 CREATE*/ /*!50017 DEFINER=`root`@`localhost`*/ /*!50003 TRIGGER `insert_net_playlists` BEFORE INSERT ON `playlists` FOR EACH ROW BEGIN
  IF 
  (LEFT(NEW.net_adress, 33) != 'https://music.yutu.com/playlists/') OR
  (LENGTH(NEW.net_adress) != 69)
  THEN
  	SET NEW.net_adress = CONCAT('https://music.yutu.com/playlists/', generate_net());
  END IF;
END */;;
DELIMITER ;
/*!50003 SET sql_mode              = @saved_sql_mode */ ;
/*!50003 SET character_set_client  = @saved_cs_client */ ;
/*!50003 SET character_set_results = @saved_cs_results */ ;
/*!50003 SET collation_connection  = @saved_col_connection */ ;

--
-- Table structure for table `playlists_objects`
--

DROP TABLE IF EXISTS `playlists_objects`;
/*!40101 SET @saved_cs_client     = @@character_set_client */;
/*!50503 SET character_set_client = utf8mb4 */;
CREATE TABLE `playlists_objects` (
  `id` int unsigned NOT NULL AUTO_INCREMENT COMMENT 'Идентификатор строки',
  `playlist_id` int unsigned NOT NULL COMMENT 'Ссылка на плейлист',
  `media_id` int unsigned NOT NULL COMMENT 'Ссылка на идентификатор медиа',
  `num_on_play` int unsigned NOT NULL DEFAULT '0',
  `created_at` datetime DEFAULT CURRENT_TIMESTAMP COMMENT 'Время создания строки',
  `updated_at` datetime DEFAULT CURRENT_TIMESTAMP ON UPDATE CURRENT_TIMESTAMP COMMENT 'Время обновления строки',
  PRIMARY KEY (`id`) COMMENT 'Первичный ключ',
  KEY `playlists_obj_playlist_id_fk` (`playlist_id`),
  KEY `playlists_obj_media_id_fk` (`media_id`),
  CONSTRAINT `playlists_obj_media_id_fk` FOREIGN KEY (`media_id`) REFERENCES `media` (`id`) ON DELETE RESTRICT,
  CONSTRAINT `playlists_obj_playlist_id_fk` FOREIGN KEY (`playlist_id`) REFERENCES `playlists` (`id`) ON DELETE RESTRICT
) ENGINE=InnoDB AUTO_INCREMENT=108 DEFAULT CHARSET=utf8mb4 COLLATE=utf8mb4_unicode_ci COMMENT='Состав плейлистов';
/*!40101 SET character_set_client = @saved_cs_client */;

--
-- Dumping data for table `playlists_objects`
--

LOCK TABLES `playlists_objects` WRITE;
/*!40000 ALTER TABLE `playlists_objects` DISABLE KEYS */;
INSERT INTO `playlists_objects` VALUES (1,11,4,1,'2021-07-26 07:54:51','2021-09-24 14:06:19'),(2,85,11,1,'2021-07-01 17:41:08','2021-09-24 14:21:00'),(3,3,78,1,'2021-04-24 03:56:06','2021-09-24 14:21:00'),(4,81,72,1,'2021-08-06 08:14:30','2021-09-24 14:21:00'),(5,14,55,1,'2021-05-25 02:32:00','2021-09-24 14:21:00'),(6,32,96,1,'2021-08-11 05:52:54','2021-09-24 14:21:00'),(7,82,20,1,'2020-10-27 16:36:19','2021-09-24 14:21:00'),(8,55,16,1,'2021-03-24 18:45:11','2021-09-24 14:21:00'),(9,13,18,1,'2021-09-11 01:06:11','2021-09-24 14:21:00'),(10,51,98,1,'2021-06-30 06:49:40','2021-09-24 14:21:00'),(11,36,87,1,'2020-11-22 13:10:30','2021-09-24 14:21:00'),(12,27,73,1,'2021-07-11 07:27:55','2021-09-24 14:21:00'),(13,84,100,1,'2020-09-28 13:59:24','2021-09-24 14:21:00'),(14,49,41,1,'2021-01-20 15:05:47','2021-09-24 14:21:00'),(15,61,81,1,'2021-02-17 13:32:41','2021-09-24 14:21:00'),(16,20,58,1,'2020-12-14 01:03:13','2021-09-24 14:21:00'),(17,31,79,1,'2020-10-13 03:49:52','2021-09-24 14:06:19'),(18,2,72,1,'2021-07-18 18:38:49','2021-09-24 14:06:19'),(19,54,52,1,'2021-01-19 08:55:03','2021-09-24 14:21:00'),(20,99,36,1,'2021-06-03 01:18:43','2021-09-24 14:21:00'),(21,86,20,1,'2021-08-08 17:52:20','2021-09-24 14:21:00'),(22,41,43,1,'2021-05-29 18:13:26','2021-09-24 14:06:19'),(23,94,42,1,'2021-06-11 10:10:05','2021-09-24 14:21:00'),(24,24,94,1,'2021-01-21 10:57:10','2021-09-24 14:21:00'),(25,99,14,2,'2021-01-06 09:23:45','2021-09-24 14:21:00'),(26,70,9,1,'2020-10-14 17:29:26','2021-09-24 14:21:00'),(27,36,49,2,'2021-01-21 06:02:38','2021-09-24 14:21:00'),(28,38,43,1,'2020-12-18 14:56:13','2021-09-24 14:21:00'),(29,98,62,1,'2021-02-08 13:25:24','2021-09-24 14:21:00'),(30,16,92,1,'2020-11-02 01:01:35','2021-09-24 14:06:19'),(31,13,89,2,'2021-01-13 14:12:24','2021-09-24 14:21:00'),(32,3,49,2,'2020-10-10 09:29:04','2021-09-24 14:21:00'),(33,36,31,3,'2021-05-06 22:15:59','2021-09-24 14:21:00'),(34,47,44,1,'2021-05-06 07:15:21','2021-09-24 14:21:00'),(35,76,46,1,'2021-06-03 16:09:17','2021-09-24 14:21:00'),(36,5,85,1,'2020-12-24 19:54:31','2021-09-24 14:21:00'),(37,10,94,1,'2020-12-17 18:25:03','2021-09-24 14:21:00'),(38,42,24,1,'2020-10-23 05:12:43','2021-09-24 14:21:00'),(39,96,5,1,'2021-04-16 18:15:37','2021-09-24 14:06:19'),(40,39,80,1,'2021-01-29 07:18:16','2021-09-24 14:21:00'),(41,81,66,2,'2021-08-27 11:39:57','2021-09-24 14:06:19'),(42,85,29,2,'2021-04-20 08:01:13','2021-09-24 14:21:00'),(43,88,52,1,'2021-06-13 09:59:59','2021-09-24 14:06:19'),(44,98,31,2,'2021-09-20 08:19:31','2021-09-24 14:21:00'),(45,60,7,1,'2021-02-13 01:49:23','2021-09-24 14:21:00'),(46,54,51,2,'2021-03-19 17:07:52','2021-09-24 14:21:00'),(47,91,1,1,'2021-04-09 22:22:12','2021-09-24 14:21:00'),(48,30,49,1,'2020-09-30 12:42:33','2021-09-24 14:21:00'),(49,53,19,1,'2020-12-06 19:03:06','2021-09-24 14:21:00'),(50,35,17,1,'2021-02-23 16:47:36','2021-09-24 14:21:00'),(51,80,47,1,'2021-03-06 05:27:40','2021-09-24 14:21:00'),(52,95,34,1,'2021-04-20 19:14:57','2021-09-24 14:21:00'),(53,83,14,1,'2021-06-13 14:07:59','2021-09-24 14:21:00'),(54,20,60,2,'2021-01-26 10:37:54','2021-09-24 14:21:00'),(55,36,100,4,'2020-11-15 06:47:43','2021-09-24 14:21:00'),(56,92,60,1,'2021-09-10 07:51:41','2021-09-24 14:21:00'),(57,25,42,1,'2020-12-07 20:21:59','2021-09-24 14:21:00'),(58,37,57,1,'2021-04-09 09:40:37','2021-09-24 14:06:19'),(59,75,4,1,'2020-09-30 01:27:10','2021-09-24 14:21:00'),(60,93,51,1,'2021-03-27 05:59:10','2021-09-24 14:21:00'),(61,78,34,1,'2020-09-30 12:42:53','2021-09-24 14:21:00'),(62,37,83,2,'2021-07-21 06:23:13','2021-09-24 14:21:00'),(63,4,70,1,'2021-03-19 10:04:38','2021-09-24 14:21:00'),(64,36,69,5,'2021-04-21 04:17:15','2021-09-24 14:06:19'),(65,36,73,6,'2020-10-23 01:58:18','2021-09-24 14:21:00'),(66,58,70,1,'2021-03-21 13:17:46','2021-09-24 14:21:00'),(67,77,75,1,'2021-08-16 08:44:53','2021-09-24 14:21:00'),(68,43,88,1,'2021-07-23 13:55:00','2021-09-24 14:21:00'),(69,11,90,2,'2021-08-24 07:42:57','2021-09-24 14:21:00'),(70,18,18,1,'2021-01-01 16:50:44','2021-09-24 14:21:00'),(71,35,20,2,'2021-09-01 17:11:03','2021-09-24 14:06:19'),(72,97,24,1,'2021-05-16 13:30:19','2021-09-24 14:21:00'),(73,30,74,2,'2021-03-11 13:53:58','2021-09-24 14:21:00'),(74,82,85,2,'2021-09-19 16:44:02','2021-09-24 14:21:00'),(75,82,52,3,'2021-02-03 08:57:52','2021-09-24 14:06:19'),(77,41,51,2,'2020-11-08 03:06:08','2021-09-24 14:21:00'),(78,35,18,3,'2021-07-23 03:11:10','2021-09-24 14:21:00'),(79,86,74,2,'2020-11-04 12:02:28','2021-09-24 14:21:00'),(80,11,32,3,'2021-07-29 08:43:25','2021-09-24 14:21:00'),(81,27,38,2,'2021-05-13 04:03:31','2021-09-24 14:21:00'),(82,8,24,1,'2021-03-03 23:45:01','2021-09-24 14:06:19'),(83,98,17,3,'2021-08-13 05:36:37','2021-09-24 14:21:00'),(84,89,93,1,'2021-06-02 21:52:04','2021-09-24 14:21:00'),(85,99,15,3,'2020-11-15 08:14:30','2021-09-24 14:21:00'),(86,76,36,2,'2021-02-24 13:08:14','2021-09-24 14:21:00'),(87,50,44,1,'2020-12-16 05:45:38','2021-09-24 14:21:00'),(88,66,100,1,'2021-06-30 01:06:53','2021-09-24 14:06:19'),(89,2,8,2,'2020-10-14 04:26:46','2021-09-24 14:21:00'),(90,35,48,4,'2021-03-20 02:54:46','2021-09-24 14:21:00'),(91,38,43,2,'2021-02-09 20:27:41','2021-09-24 14:21:00'),(92,2,81,3,'2021-01-20 10:41:21','2021-09-24 14:21:00'),(93,98,46,4,'2021-06-24 12:52:44','2021-09-24 14:21:00'),(94,37,44,3,'2021-09-14 05:24:22','2021-09-24 14:21:00'),(95,7,6,1,'2021-04-17 02:02:40','2021-09-24 14:06:19'),(96,9,25,1,'2021-03-24 10:34:51','2021-09-24 14:21:00'),(97,99,20,4,'2021-09-21 10:47:13','2021-09-24 14:21:00'),(98,1,45,1,'2021-04-29 18:49:18','2021-09-24 14:21:00'),(99,20,67,3,'2020-11-09 06:01:14','2021-09-24 14:21:00'),(100,73,65,1,'2021-02-08 19:37:59','2021-09-24 14:06:19'),(101,12,1,1,'2021-09-24 16:06:15','2021-09-24 16:06:15'),(102,12,2,2,'2021-09-24 16:08:17','2021-09-24 16:08:17'),(103,15,28,3,'2021-09-24 16:16:00','2021-09-24 16:33:13'),(105,15,29,1,'2021-09-24 16:16:23','2021-09-24 16:28:34'),(106,15,30,2,'2021-09-24 16:16:38','2021-09-24 16:33:13');
/*!40000 ALTER TABLE `playlists_objects` ENABLE KEYS */;
UNLOCK TABLES;
/*!50003 SET @saved_cs_client      = @@character_set_client */ ;
/*!50003 SET @saved_cs_results     = @@character_set_results */ ;
/*!50003 SET @saved_col_connection = @@collation_connection */ ;
/*!50003 SET character_set_client  = utf8mb4 */ ;
/*!50003 SET character_set_results = utf8mb4 */ ;
/*!50003 SET collation_connection  = utf8mb4_0900_ai_ci */ ;
/*!50003 SET @saved_sql_mode       = @@sql_mode */ ;
/*!50003 SET sql_mode              = 'ONLY_FULL_GROUP_BY,STRICT_TRANS_TABLES,NO_ZERO_IN_DATE,NO_ZERO_DATE,ERROR_FOR_DIVISION_BY_ZERO,NO_ENGINE_SUBSTITUTION' */ ;
DELIMITER ;;
/*!50003 CREATE*/ /*!50017 DEFINER=`root`@`localhost`*/ /*!50003 TRIGGER `insert_before_playl_obj` BEFORE INSERT ON `playlists_objects` FOR EACH ROW BEGIN
	SET @max_num = (SELECT MAX(num_on_play) FROM playlists_objects 
		WHERE (playlist_id = NEW.playlist_id)
	);
  	IF ISNULL(@max_num)
  	THEN
  		SET NEW.num_on_play = 1;
	ELSEIF (NEW.num_on_play > @max_num) OR (NEW.num_on_play = 0)
  	THEN
  		SET NEW.num_on_play = @max_num + 1;
  	END IF;
END */;;
DELIMITER ;
/*!50003 SET sql_mode              = @saved_sql_mode */ ;
/*!50003 SET character_set_client  = @saved_cs_client */ ;
/*!50003 SET character_set_results = @saved_cs_results */ ;
/*!50003 SET collation_connection  = @saved_col_connection */ ;
/*!50003 SET @saved_cs_client      = @@character_set_client */ ;
/*!50003 SET @saved_cs_results     = @@character_set_results */ ;
/*!50003 SET @saved_col_connection = @@collation_connection */ ;
/*!50003 SET character_set_client  = utf8mb4 */ ;
/*!50003 SET character_set_results = utf8mb4 */ ;
/*!50003 SET collation_connection  = utf8mb4_0900_ai_ci */ ;
/*!50003 SET @saved_sql_mode       = @@sql_mode */ ;
/*!50003 SET sql_mode              = 'ONLY_FULL_GROUP_BY,STRICT_TRANS_TABLES,NO_ZERO_IN_DATE,NO_ZERO_DATE,ERROR_FOR_DIVISION_BY_ZERO,NO_ENGINE_SUBSTITUTION' */ ;
DELIMITER ;;
/*!50003 CREATE*/ /*!50017 DEFINER=`root`@`localhost`*/ /*!50003 TRIGGER `update_before_playl_obj` BEFORE UPDATE ON `playlists_objects` FOR EACH ROW BEGIN
	SET @max_num = (SELECT COUNT(*) FROM playlists_objects 
	WHERE playlist_id = NEW.playlist_id);
	IF NEW.num_on_play != OLD.num_on_play
	THEN
  		IF NEW.num_on_play > @max_num
  		THEN
  			SET NEW.num_on_play = @max_num;
  		END IF;
  	END IF;
END */;;
DELIMITER ;
/*!50003 SET sql_mode              = @saved_sql_mode */ ;
/*!50003 SET character_set_client  = @saved_cs_client */ ;
/*!50003 SET character_set_results = @saved_cs_results */ ;
/*!50003 SET collation_connection  = @saved_col_connection */ ;

--
-- Table structure for table `profiles`
--

DROP TABLE IF EXISTS `profiles`;
/*!40101 SET @saved_cs_client     = @@character_set_client */;
/*!50503 SET character_set_client = utf8mb4 */;
CREATE TABLE `profiles` (
  `user_id` int unsigned NOT NULL COMMENT 'Ссылка на пользователя',
  `gender` enum('Male','Female','None') CHARACTER SET utf8mb4 COLLATE utf8mb4_unicode_ci NOT NULL COMMENT 'Пол',
  `birthday` date DEFAULT NULL COMMENT 'Дата рождения',
  `city_id` int unsigned DEFAULT NULL COMMENT 'Ссылка на город проживания',
  `paid_memberships` enum('default','premium') CHARACTER SET utf8mb4 COLLATE utf8mb4_unicode_ci NOT NULL DEFAULT 'default' COMMENT 'Тип подписки на сервис',
  `restricted_mode` tinyint(1) NOT NULL,
  `net_adress` varchar(255) CHARACTER SET utf8mb4 COLLATE utf8mb4_unicode_ci NOT NULL DEFAULT 'https://music.yutu.com/channel/' COMMENT 'Ссылка на персональную страницу пользователя',
  `created_at` datetime DEFAULT CURRENT_TIMESTAMP COMMENT 'Время создания строки',
  `updated_at` datetime DEFAULT CURRENT_TIMESTAMP ON UPDATE CURRENT_TIMESTAMP COMMENT 'Время обновления строки',
  PRIMARY KEY (`user_id`),
  KEY `profiles_city_id_fk` (`city_id`),
  CONSTRAINT `profiles_city_id_fk` FOREIGN KEY (`city_id`) REFERENCES `cities` (`id`) ON DELETE SET NULL,
  CONSTRAINT `profiles_user_id_fk` FOREIGN KEY (`user_id`) REFERENCES `users` (`id`) ON DELETE CASCADE
) ENGINE=InnoDB DEFAULT CHARSET=utf8mb4 COLLATE=utf8mb4_unicode_ci COMMENT='Профили';
/*!40101 SET character_set_client = @saved_cs_client */;

--
-- Dumping data for table `profiles`
--

LOCK TABLES `profiles` WRITE;
/*!40000 ALTER TABLE `profiles` DISABLE KEYS */;
INSERT INTO `profiles` VALUES (1,'Male','2008-09-27',4,'premium',1,'https://music.yutu.com/channel/16ff001be272c3f79dac0127','2021-09-01 08:01:00','2021-09-23 07:08:21'),(2,'Female','2003-09-23',15,'default',0,'https://music.yutu.com/channel/d9966a671f6c434c892e1240','2021-08-23 07:35:23','2021-09-23 07:08:21'),(3,'None','1974-02-05',12,'premium',1,'https://music.yutu.com/channel/e3f1dceafcc5f41d6fe8191c','2021-08-26 07:15:09','2021-09-23 07:08:21'),(4,'Male','1985-08-11',6,'premium',1,'https://music.yutu.com/channel/c3d5aa6f7acb1eafd4b95cd7','2021-09-01 15:04:10','2021-09-23 07:08:21'),(5,'Male','2003-09-23',20,'default',0,'https://music.yutu.com/channel/b339605adb1229dcc07fea21','2021-09-10 00:32:02','2021-09-23 07:08:21'),(6,'Male','1988-08-28',5,'premium',1,'https://music.yutu.com/channel/78f76c9cdee87057e0d5d9ef','2021-09-12 13:37:59','2021-09-23 07:08:21'),(7,'Male','1991-09-15',20,'premium',0,'https://music.yutu.com/channel/39e78fe5a02fd6e0eb465f63','2021-08-24 05:56:15','2021-09-23 07:08:21'),(8,'Male','1988-05-02',9,'default',0,'https://music.yutu.com/channel/f2532d8710e217e48ea8e22d','2021-08-29 11:21:11','2021-09-23 07:08:21'),(9,'None','1981-05-16',10,'premium',0,'https://music.yutu.com/channel/aef0bcd29bdff99d950b341a','2021-08-31 01:25:18','2021-09-23 07:08:21'),(10,'None','1996-07-06',8,'premium',0,'https://music.yutu.com/channel/4608fbacb4efd3b030e23263','2021-08-23 14:51:05','2021-09-23 07:08:21'),(11,'None','2003-09-23',12,'default',1,'https://music.yutu.com/channel/7ae5272730c2ba584f456b16','2021-09-20 17:29:08','2021-09-23 07:08:21'),(12,'Male','1973-11-27',4,'default',1,'https://music.yutu.com/channel/120e5d7ed4b53c07935b2ead','2021-08-28 16:50:34','2021-09-23 07:08:21'),(13,'None','1988-03-01',9,'premium',1,'https://music.yutu.com/channel/11050320454c0aa42ac5da74','2021-08-27 11:52:43','2021-09-23 07:08:21'),(14,'Male','1980-10-11',18,'premium',1,'https://music.yutu.com/channel/6bd3795a2763630c34856e6f','2021-08-22 18:36:23','2021-09-23 07:08:21'),(15,'Female','1995-03-14',7,'default',0,'https://music.yutu.com/channel/710642edf2277ac0447dbd7c','2021-09-15 16:05:22','2021-09-23 07:08:21'),(16,'None','1990-02-19',4,'default',1,'https://music.yutu.com/channel/d6600e51cc7fbe051f00d7ea','2021-08-22 10:36:24','2021-09-23 07:08:21'),(17,'Male','1995-03-05',2,'premium',1,'https://music.yutu.com/channel/4ee781c0cc7b29d4f52e5709','2021-09-02 09:39:54','2021-09-23 07:08:21'),(18,'Male','2002-01-09',8,'default',1,'https://music.yutu.com/channel/55b10b1304551a59f4e042d5','2021-08-29 06:04:58','2021-09-23 07:08:21'),(19,'None','1987-09-26',9,'default',1,'https://music.yutu.com/channel/db0b42b752aa070ba5f3a319','2021-08-27 11:32:49','2021-09-23 07:08:21'),(20,'Male','1991-08-03',16,'premium',0,'https://music.yutu.com/channel/c335b9cc941f04f3b2428f42','2021-09-03 05:31:14','2021-09-23 07:08:21'),(21,'Female','1994-12-28',2,'default',0,'https://music.yutu.com/channel/8fe9a0e863a7f64dbbf1fa23','2021-09-04 01:53:07','2021-09-23 07:08:21'),(22,'Male','1990-01-22',1,'premium',1,'https://music.yutu.com/channel/d18637f48ab5bdde9fdf5449','2021-09-19 12:09:37','2021-09-23 07:08:21'),(23,'Male','1975-01-28',10,'premium',1,'https://music.yutu.com/channel/fe840e4eea87da4e54bf869c','2021-09-16 10:01:49','2021-09-23 07:08:21'),(24,'Male','1977-08-16',18,'default',0,'https://music.yutu.com/channel/27ff6d689878b81272ae0763','2021-08-28 06:35:59','2021-09-23 07:08:21'),(25,'None','1997-07-20',6,'default',1,'https://music.yutu.com/channel/bd1b9ecc191a14bd42738302','2021-09-02 12:21:19','2021-09-23 07:08:21'),(26,'None','1988-02-10',8,'premium',0,'https://music.yutu.com/channel/cf91fe9f00d2619010331af6','2021-09-18 15:42:32','2021-09-23 07:08:21'),(27,'Male','1994-10-27',1,'default',1,'https://music.yutu.com/channel/d4bd8a1b61d68dd492fd4817','2021-09-17 22:38:07','2021-09-23 07:08:21'),(28,'None','1991-06-08',14,'default',1,'https://music.yutu.com/channel/15f7cec83a1a5e3e4346b23b','2021-09-05 21:23:44','2021-09-23 07:08:21'),(29,'Female','1995-12-14',14,'default',0,'https://music.yutu.com/channel/d44b59afd2c17e632e4db38d','2021-09-12 11:28:16','2021-09-23 07:08:21'),(30,'Female','2007-12-28',2,'default',1,'https://music.yutu.com/channel/e6d7e4e2268d7983896be057','2021-08-22 19:57:28','2021-09-23 07:08:21'),(31,'None','1992-07-25',5,'premium',0,'https://music.yutu.com/channel/18213503e3d1263162d02559','2021-09-11 14:37:50','2021-09-23 07:08:21'),(32,'Male','2003-09-23',17,'premium',0,'https://music.yutu.com/channel/ef301ed7642b362cd9122b70','2021-09-05 19:51:30','2021-09-23 07:08:21'),(33,'Female','1993-01-08',17,'premium',1,'https://music.yutu.com/channel/2df4e0185fe4f3948cec9a83','2021-09-04 09:25:36','2021-09-23 07:08:21'),(34,'Female','2003-09-23',16,'premium',0,'https://music.yutu.com/channel/45a5c3678f6e33e07da8b6f6','2021-09-01 09:56:48','2021-09-23 07:08:21'),(35,'Female','1983-11-01',3,'default',1,'https://music.yutu.com/channel/2e0c8f5c0b57f557a9331084','2021-08-30 13:45:39','2021-09-23 07:08:21'),(36,'Male','2003-09-23',16,'default',1,'https://music.yutu.com/channel/2a40e8c215fca459f6eac72f','2021-08-30 07:33:55','2021-09-23 07:08:21'),(37,'Male','1977-03-27',20,'premium',0,'https://music.yutu.com/channel/375ba4a23538f451dd8750b7','2021-09-06 21:26:55','2021-09-23 07:08:21'),(38,'None','1974-03-26',2,'default',0,'https://music.yutu.com/channel/d01659016068d6d727c4ec5a','2021-08-25 14:40:54','2021-09-23 07:08:21'),(39,'Male','2003-09-23',5,'default',1,'https://music.yutu.com/channel/45d17907cc40d670fdb759c9','2021-08-27 02:41:27','2021-09-23 07:08:21'),(40,'None','1989-10-03',10,'premium',0,'https://music.yutu.com/channel/eba7c861b5702e647a0ccb5b','2021-09-04 04:17:58','2021-09-23 07:08:21'),(41,'None','2007-11-21',10,'default',1,'https://music.yutu.com/channel/b32496fd6801af997d8cb459','2021-09-19 21:22:35','2021-09-23 07:08:21'),(42,'Male','1994-02-03',17,'default',0,'https://music.yutu.com/channel/2942b6252e2b3f282001e4af','2021-08-24 00:53:47','2021-09-23 07:08:21'),(43,'Male','2003-09-23',13,'premium',1,'https://music.yutu.com/channel/2192f48f25098bd9fb6adbdf','2021-08-24 03:18:32','2021-09-23 07:08:21'),(44,'Female','2003-09-23',19,'premium',0,'https://music.yutu.com/channel/53be6fce0cff3ba22ce001fe','2021-09-15 05:51:55','2021-09-23 07:08:21'),(45,'None','1983-02-14',14,'default',0,'https://music.yutu.com/channel/5318dae4f4df3b724887328c','2021-09-17 08:57:35','2021-09-23 07:08:21'),(46,'Female','2008-08-16',20,'default',1,'https://music.yutu.com/channel/6057fd30988f6bb4ab094e1e','2021-08-27 06:22:45','2021-09-23 07:08:21'),(47,'None','1987-10-23',2,'premium',0,'https://music.yutu.com/channel/5b0ab9d891b14936559810cf','2021-08-22 20:25:40','2021-09-23 07:08:21'),(48,'Female','2000-10-22',16,'default',0,'https://music.yutu.com/channel/33d01fa0984b5f1c86a9c2b7','2021-09-11 06:44:37','2021-09-23 07:08:21'),(49,'Male','1994-07-02',7,'default',1,'https://music.yutu.com/channel/8cc4c192ed05cfe1da020c89','2021-09-13 20:04:03','2021-09-23 07:08:21'),(50,'Male','1978-06-01',11,'premium',0,'https://music.yutu.com/channel/11fc3c049124799279a70578','2021-08-27 04:10:05','2021-09-23 07:08:21'),(51,'Female','2003-09-23',11,'premium',0,'https://music.yutu.com/channel/4fe9fb48cd76425095401a2d','2021-09-18 13:34:00','2021-09-23 07:08:21'),(52,'Female','2000-08-01',9,'premium',1,'https://music.yutu.com/channel/ca0605c2b5767a51f7d55d23','2021-08-21 20:19:40','2021-09-23 07:08:21'),(53,'Male','1990-11-17',11,'default',0,'https://music.yutu.com/channel/20ce0ed8da098a3aa03f3bba','2021-08-23 21:28:46','2021-09-23 07:08:21'),(54,'None','2003-09-23',20,'premium',0,'https://music.yutu.com/channel/a4850d40fadab99ef89704ac','2021-09-03 16:37:33','2021-09-23 07:08:21'),(55,'None','1999-05-27',6,'premium',1,'https://music.yutu.com/channel/0fd9dc25121465dd8548c9d0','2021-09-11 00:38:16','2021-09-23 07:08:21'),(56,'Male','1998-07-24',16,'premium',1,'https://music.yutu.com/channel/c4ca82a7253fe73ce3cb33c1','2021-08-29 06:09:37','2021-09-23 07:08:21'),(57,'None','2003-09-23',7,'default',1,'https://music.yutu.com/channel/72c3c349600ccfd5d435554e','2021-09-16 03:19:14','2021-09-23 07:08:21'),(58,'Female','2003-09-23',6,'default',1,'https://music.yutu.com/channel/eac5dcbe9bbebcae4c660829','2021-08-30 13:20:12','2021-09-23 07:08:21'),(59,'Female','2003-09-23',9,'default',0,'https://music.yutu.com/channel/61023b865fd40fb16eb80441','2021-08-29 16:27:13','2021-09-23 07:08:21'),(60,'None','2005-03-23',20,'premium',1,'https://music.yutu.com/channel/3ca4accde0a3e19a9693d620','2021-09-05 07:12:13','2021-09-23 07:08:21'),(61,'Female','1985-12-05',8,'premium',1,'https://music.yutu.com/channel/a3a53a535d9a7f00f33ba54f','2021-08-27 23:49:08','2021-09-23 07:08:21'),(62,'Female','1977-04-27',13,'premium',1,'https://music.yutu.com/channel/40fc85086d68c475eb6633ef','2021-09-03 14:32:24','2021-09-23 07:08:21'),(63,'Male','1994-08-28',17,'default',1,'https://music.yutu.com/channel/7fc240cc0a38ace721a0a572','2021-08-23 13:12:30','2021-09-23 07:08:21'),(64,'Female','1983-01-31',5,'default',1,'https://music.yutu.com/channel/54721d5ce06c42c6e2ee4523','2021-08-24 20:20:37','2021-09-23 07:08:21'),(65,'None','1988-03-16',9,'default',0,'https://music.yutu.com/channel/557e7341bd69fb12326824b6','2021-09-15 04:17:00','2021-09-23 07:08:21'),(66,'None','1972-02-25',19,'premium',0,'https://music.yutu.com/channel/e426527dab14b87e5aca5f2b','2021-09-20 13:06:16','2021-09-23 07:08:21'),(67,'Female','2010-11-26',20,'premium',1,'https://music.yutu.com/channel/4e4567c600347ccf0698e7bf','2021-09-15 00:47:22','2021-09-23 07:08:21'),(68,'Female','1973-10-26',9,'default',0,'https://music.yutu.com/channel/5efe6d1aed80b28450c05456','2021-08-29 03:39:59','2021-09-23 07:08:21'),(69,'Male','1996-05-17',1,'premium',1,'https://music.yutu.com/channel/7059ef48201eb0d7cfbaa460','2021-09-06 10:11:36','2021-09-23 07:08:21'),(70,'None','1975-10-29',5,'premium',0,'https://music.yutu.com/channel/c780e666746279919e12de42','2021-09-09 08:31:49','2021-09-23 07:08:21'),(71,'Male','1987-09-08',18,'default',0,'https://music.yutu.com/channel/526a09ad1b9f84c319ad9230','2021-09-18 01:48:29','2021-09-23 07:08:21'),(72,'Male','1983-03-14',11,'default',0,'https://music.yutu.com/channel/a137e7159e5431a8fe254008','2021-09-15 14:39:08','2021-09-23 07:08:21'),(73,'Male','1987-01-22',2,'default',1,'https://music.yutu.com/channel/8ce7a31507e52b2eab2afd3f','2021-09-20 09:30:40','2021-09-23 07:08:21'),(74,'None','2008-03-21',11,'premium',1,'https://music.yutu.com/channel/5211e46c788488312d3adaff','2021-09-17 18:53:31','2021-09-23 07:08:21'),(75,'Male','1993-10-18',10,'premium',1,'https://music.yutu.com/channel/de4d89fc776f5fa2905a2654','2021-09-01 08:26:02','2021-09-23 07:08:21'),(76,'Female','2006-01-05',16,'default',1,'https://music.yutu.com/channel/418585ad1b114bfccb32f98c','2021-09-06 18:53:12','2021-09-23 07:08:21'),(77,'None','1978-11-08',10,'premium',1,'https://music.yutu.com/channel/25cb25a25255a69138964550','2021-09-05 19:03:41','2021-09-23 07:08:21'),(78,'Female','2002-07-21',11,'premium',1,'https://music.yutu.com/channel/99e9adea88b76b46133a82a1','2021-09-02 23:29:01','2021-09-23 07:08:21'),(79,'Male','2003-09-23',11,'default',1,'https://music.yutu.com/channel/5284fabf12456e3eb6666e5c','2021-09-14 21:30:07','2021-09-23 07:08:21'),(80,'Female','1973-10-07',17,'premium',1,'https://music.yutu.com/channel/83b274c0a40edc88d2c5ed6f','2021-09-21 02:29:22','2021-09-23 07:08:21'),(81,'None','2003-09-23',1,'premium',0,'https://music.yutu.com/channel/49fd210ab308d2c04aaff593','2021-08-30 14:17:31','2021-09-23 07:08:21'),(82,'Male','2003-10-23',2,'premium',1,'https://music.yutu.com/channel/e6737744357f76ecb27255a9','2021-09-05 08:52:35','2021-09-23 07:08:21'),(83,'Male','1990-03-13',5,'default',0,'https://music.yutu.com/channel/480237cff2d678c85633257e','2021-08-28 16:01:16','2021-09-23 07:08:21'),(84,'None','1982-05-12',12,'premium',0,'https://music.yutu.com/channel/c2b4d0044efd51a3062fea0a','2021-08-31 13:48:35','2021-09-23 07:08:21'),(85,'Female','2004-08-12',1,'default',1,'https://music.yutu.com/channel/a39bbfa3cde18ff3403178d8','2021-08-30 10:49:12','2021-09-23 07:08:21'),(86,'None','2003-09-23',11,'premium',1,'https://music.yutu.com/channel/48bd99fd45cf3083411ea62b','2021-08-31 08:46:48','2021-09-23 07:08:21'),(87,'Female','1979-03-11',7,'default',1,'https://music.yutu.com/channel/c7a5c7679851dc14b3cf1149','2021-08-30 00:56:13','2021-09-23 07:08:21'),(88,'Male','2002-11-10',8,'premium',1,'https://music.yutu.com/channel/e3d946587df8338c75c875d1','2021-08-25 06:23:32','2021-09-23 07:08:21'),(89,'Male','1979-03-10',17,'premium',0,'https://music.yutu.com/channel/3dc8c2b4ecb9b09af0543d21','2021-09-13 16:17:35','2021-09-23 07:08:21'),(90,'None','1973-08-08',16,'default',0,'https://music.yutu.com/channel/84c28d92512f3d30740a4c45','2021-08-23 10:04:34','2021-09-23 07:08:21'),(91,'None','1993-12-27',8,'premium',0,'https://music.yutu.com/channel/0f3b2ca8e025a53b3609fbf8','2021-08-29 12:17:50','2021-09-23 07:08:21'),(92,'Male','1983-12-05',4,'premium',0,'https://music.yutu.com/channel/115eef3ed8d7e85d998096f8','2021-09-17 13:36:44','2021-09-23 07:08:21'),(93,'None','2003-09-23',8,'default',1,'https://music.yutu.com/channel/92c79a81056f5e2294e47b87','2021-09-02 07:10:11','2021-09-23 07:08:21'),(94,'None','1997-11-12',5,'premium',1,'https://music.yutu.com/channel/9af63a2c097e23c878829a4a','2021-08-23 17:24:25','2021-09-23 07:08:21'),(95,'None','2003-09-23',8,'default',0,'https://music.yutu.com/channel/86fa614a319e31b4aa597af9','2021-09-02 20:30:39','2021-09-23 07:08:21'),(96,'Female','1982-05-06',17,'default',1,'https://music.yutu.com/channel/841410478de66fcd0eb98e8a','2021-09-08 04:31:37','2021-09-23 07:08:21'),(97,'Male','2003-09-23',4,'premium',1,'https://music.yutu.com/channel/ac0cbea2a6e49794b6bf2c22','2021-08-29 08:16:41','2021-09-23 07:08:21'),(98,'Male','1977-04-08',8,'premium',1,'https://music.yutu.com/channel/10653f2c7a79a56626443415','2021-08-24 15:32:38','2021-09-23 07:08:21'),(99,'Male','1981-09-18',5,'premium',0,'https://music.yutu.com/channel/ca7b62c996b9c0be27d087e5','2021-09-13 09:35:03','2021-09-23 07:08:21'),(100,'Male','1990-03-20',5,'premium',0,'https://music.yutu.com/channel/3c4b808d2435fe8d46801443','2021-09-03 02:56:25','2021-09-23 07:08:21'),(101,'Male','2011-09-24',NULL,'default',1,'https://music.yutu.com/channel/19b9e184-2c17-4cec-de0c-ea6c0b47f360','2021-09-24 15:34:55','2021-09-24 15:34:55'),(102,'Male','2002-09-24',NULL,'default',0,'https://music.yutu.com/channel/d0d16207-09eb-9237-c9ef-60a488664cbb','2021-09-24 15:36:07','2021-09-24 15:36:07');
/*!40000 ALTER TABLE `profiles` ENABLE KEYS */;
UNLOCK TABLES;
/*!50003 SET @saved_cs_client      = @@character_set_client */ ;
/*!50003 SET @saved_cs_results     = @@character_set_results */ ;
/*!50003 SET @saved_col_connection = @@collation_connection */ ;
/*!50003 SET character_set_client  = utf8mb4 */ ;
/*!50003 SET character_set_results = utf8mb4 */ ;
/*!50003 SET collation_connection  = utf8mb4_0900_ai_ci */ ;
/*!50003 SET @saved_sql_mode       = @@sql_mode */ ;
/*!50003 SET sql_mode              = 'ONLY_FULL_GROUP_BY,STRICT_TRANS_TABLES,NO_ZERO_IN_DATE,NO_ZERO_DATE,ERROR_FOR_DIVISION_BY_ZERO,NO_ENGINE_SUBSTITUTION' */ ;
DELIMITER ;;
/*!50003 CREATE*/ /*!50017 DEFINER=`root`@`localhost`*/ /*!50003 TRIGGER `insert_age_validation` BEFORE INSERT ON `profiles` FOR EACH ROW -- "FOR EACH ROW" - "для каждой вставляемой строки"
BEGIN
  IF (FLOOR((TO_DAYS(NOW()) - TO_DAYS(NEW.birthday) )/ 365.25) < 18) AND (NEW.restricted_mode = FALSE) THEN
    SIGNAL SQLSTATE "45000"
    SET MESSAGE_TEXT = "User is under 18 years old! Restricted_mode cannot be set FALSE.";
  END IF;
END */;;
DELIMITER ;
/*!50003 SET sql_mode              = @saved_sql_mode */ ;
/*!50003 SET character_set_client  = @saved_cs_client */ ;
/*!50003 SET character_set_results = @saved_cs_results */ ;
/*!50003 SET collation_connection  = @saved_col_connection */ ;
/*!50003 SET @saved_cs_client      = @@character_set_client */ ;
/*!50003 SET @saved_cs_results     = @@character_set_results */ ;
/*!50003 SET @saved_col_connection = @@collation_connection */ ;
/*!50003 SET character_set_client  = utf8mb4 */ ;
/*!50003 SET character_set_results = utf8mb4 */ ;
/*!50003 SET collation_connection  = utf8mb4_0900_ai_ci */ ;
/*!50003 SET @saved_sql_mode       = @@sql_mode */ ;
/*!50003 SET sql_mode              = 'ONLY_FULL_GROUP_BY,STRICT_TRANS_TABLES,NO_ZERO_IN_DATE,NO_ZERO_DATE,ERROR_FOR_DIVISION_BY_ZERO,NO_ENGINE_SUBSTITUTION' */ ;
DELIMITER ;;
/*!50003 CREATE*/ /*!50017 DEFINER=`root`@`localhost`*/ /*!50003 TRIGGER `insert_net_profiles` BEFORE INSERT ON `profiles` FOR EACH ROW BEGIN
  IF 
  (LEFT(NEW.net_adress, 31) != 'https://music.yutu.com/channel/') OR
  (LENGTH(NEW.net_adress) != 67)
  THEN
  	SET NEW.net_adress = CONCAT('https://music.yutu.com/channel/', generate_net());
  END IF;
END */;;
DELIMITER ;
/*!50003 SET sql_mode              = @saved_sql_mode */ ;
/*!50003 SET character_set_client  = @saved_cs_client */ ;
/*!50003 SET character_set_results = @saved_cs_results */ ;
/*!50003 SET collation_connection  = @saved_col_connection */ ;
/*!50003 SET @saved_cs_client      = @@character_set_client */ ;
/*!50003 SET @saved_cs_results     = @@character_set_results */ ;
/*!50003 SET @saved_col_connection = @@collation_connection */ ;
/*!50003 SET character_set_client  = utf8mb4 */ ;
/*!50003 SET character_set_results = utf8mb4 */ ;
/*!50003 SET collation_connection  = utf8mb4_0900_ai_ci */ ;
/*!50003 SET @saved_sql_mode       = @@sql_mode */ ;
/*!50003 SET sql_mode              = 'ONLY_FULL_GROUP_BY,STRICT_TRANS_TABLES,NO_ZERO_IN_DATE,NO_ZERO_DATE,ERROR_FOR_DIVISION_BY_ZERO,NO_ENGINE_SUBSTITUTION' */ ;
DELIMITER ;;
/*!50003 CREATE*/ /*!50017 DEFINER=`root`@`localhost`*/ /*!50003 TRIGGER `update_age_validation` BEFORE UPDATE ON `profiles` FOR EACH ROW -- "FOR EACH ROW" - "для каждой вставляемой строки"
BEGIN
  IF (FLOOR((TO_DAYS(NOW()) - TO_DAYS(NEW.birthday) )/ 365.25) < 18) AND (NEW.restricted_mode = FALSE) THEN
    SIGNAL SQLSTATE "45000"
    SET MESSAGE_TEXT = "User is under 18 years old! Restricted_mode cannot be set FALSE.";
  END IF;
END */;;
DELIMITER ;
/*!50003 SET sql_mode              = @saved_sql_mode */ ;
/*!50003 SET character_set_client  = @saved_cs_client */ ;
/*!50003 SET character_set_results = @saved_cs_results */ ;
/*!50003 SET collation_connection  = @saved_col_connection */ ;

--
-- Table structure for table `users`
--

DROP TABLE IF EXISTS `users`;
/*!40101 SET @saved_cs_client     = @@character_set_client */;
/*!50503 SET character_set_client = utf8mb4 */;
CREATE TABLE `users` (
  `id` int unsigned NOT NULL AUTO_INCREMENT COMMENT 'Идентификатор строки',
  `first_name` varchar(100) CHARACTER SET utf8mb4 COLLATE utf8mb4_unicode_ci NOT NULL COMMENT 'Имя пользователя',
  `last_name` varchar(100) CHARACTER SET utf8mb4 COLLATE utf8mb4_unicode_ci NOT NULL COMMENT 'Фамилия пользователя',
  `email` varchar(100) CHARACTER SET utf8mb4 COLLATE utf8mb4_unicode_ci NOT NULL COMMENT 'Почта',
  `created_at` datetime DEFAULT CURRENT_TIMESTAMP COMMENT 'Время создания строки',
  `updated_at` datetime DEFAULT CURRENT_TIMESTAMP ON UPDATE CURRENT_TIMESTAMP COMMENT 'Время обновления строки',
  PRIMARY KEY (`id`),
  UNIQUE KEY `email` (`email`),
  KEY `users_first_name_last_name_idx` (`first_name`,`last_name`)
) ENGINE=InnoDB AUTO_INCREMENT=103 DEFAULT CHARSET=utf8mb4 COLLATE=utf8mb4_unicode_ci COMMENT='Пользователи';
/*!40101 SET character_set_client = @saved_cs_client */;

--
-- Dumping data for table `users`
--

LOCK TABLES `users` WRITE;
/*!40000 ALTER TABLE `users` DISABLE KEYS */;
INSERT INTO `users` VALUES (1,'Marcelino','Hyatt','pbeatty@gmail.com','2021-09-01 08:01:00','2021-09-23 05:59:18'),(2,'Barrett','Ernser','justine.o\'reilly@gmail.com','2021-08-23 07:35:23','2021-09-23 05:59:18'),(3,'Audra','Wilderman','uprosacco@gmail.com','2021-08-26 07:15:09','2021-09-23 05:59:18'),(4,'Sylvan','Gibson','jacobi.godfrey@gmail.com','2021-09-01 15:04:10','2021-09-23 05:59:18'),(5,'Devonte','Hilll','ekrajcik@gmail.com','2021-09-10 00:32:02','2021-09-23 05:59:18'),(6,'Serena','Kilback','sd\'amore@gmail.com','2021-09-12 13:37:59','2021-09-23 05:59:18'),(7,'Cristal','Dooley','maverick.dare@gmail.com','2021-08-24 05:56:15','2021-09-23 05:59:18'),(8,'Sarai','Lebsack','jerry02@gmail.com','2021-08-29 11:21:11','2021-09-23 05:59:18'),(9,'Queenie','Stiedemann','brekke.angelina@gmail.com','2021-08-31 01:25:18','2021-09-23 05:59:18'),(10,'Percival','Bechtelar','giovanna.gusikowski@gmail.com','2021-08-23 14:51:05','2021-09-23 05:59:18'),(11,'Kaya','Champlin','shayna59@gmail.com','2021-09-20 17:29:08','2021-09-23 05:59:18'),(12,'Mavis','Oberbrunner','mjones@gmail.com','2021-08-28 16:50:34','2021-09-23 05:59:18'),(13,'Clarabelle','Wolf','blemke@gmail.com','2021-08-27 11:52:43','2021-09-23 05:59:18'),(14,'Carmel','Jones','rebecca31@gmail.com','2021-08-22 18:36:23','2021-09-23 05:59:18'),(15,'William','McClure','aernser@gmail.com','2021-09-15 16:05:22','2021-09-23 05:59:18'),(16,'Marian','Aufderhar','reggie.bins@gmail.com','2021-08-22 10:36:24','2021-09-23 05:59:18'),(17,'Isadore','Weissnat','xbaumbach@gmail.com','2021-09-02 09:39:54','2021-09-23 05:59:18'),(18,'Hilton','Schinner','abbott.columbus@gmail.com','2021-08-29 06:04:58','2021-09-04 19:14:21'),(19,'Salma','Tremblay','tamia.walter@gmail.com','2021-08-27 11:32:49','2021-09-23 05:59:18'),(20,'Devon','Miller','alessia42@gmail.com','2021-09-03 05:31:14','2021-09-23 05:59:18'),(21,'Vernon','Schultz','omer51@gmail.com','2021-09-04 01:53:07','2021-09-23 05:59:18'),(22,'Tod','Romaguera','hodkiewicz.bertram@gmail.com','2021-09-19 12:09:37','2021-09-23 05:59:18'),(23,'Laurel','Roberts','maurice89@gmail.com','2021-09-16 10:01:49','2021-09-23 05:59:18'),(24,'Efrain','Schaefer','thomas88@gmail.com','2021-08-28 06:35:59','2021-09-17 14:37:23'),(25,'Eulalia','Nolan','veda35@gmail.com','2021-09-02 12:21:19','2021-09-23 05:59:18'),(26,'Sydnie','Konopelski','alexis26@gmail.com','2021-09-18 15:42:32','2021-09-23 05:59:18'),(27,'Dixie','Mueller','cary.halvorson@gmail.com','2021-09-17 22:38:07','2021-09-23 05:59:18'),(28,'Nella','Parker','jakubowski.annamae@gmail.com','2021-09-05 21:23:44','2021-09-23 05:59:18'),(29,'Chris','Russel','bennett.klein@gmail.com','2021-09-12 11:28:16','2021-09-23 05:59:18'),(30,'Micheal','Deckow','mitchell.kennith@gmail.com','2021-08-22 19:57:28','2021-09-23 05:59:18'),(31,'Abigail','Shanahan','camille26@gmail.com','2021-09-11 14:37:50','2021-09-23 05:59:18'),(32,'Eusebio','Weissnat','vkessler@gmail.com','2021-09-05 19:51:30','2021-09-23 05:59:18'),(33,'Penelope','Stark','roob.vidal@gmail.com','2021-09-04 09:25:36','2021-09-23 05:59:18'),(34,'Gideon','Cummings','johanna.jakubowski@gmail.com','2021-09-01 09:56:48','2021-09-23 05:59:18'),(35,'Idella','Rogahn','eoberbrunner@gmail.com','2021-08-30 13:45:39','2021-09-23 05:59:18'),(36,'Itzel','Muller','xrau@gmail.com','2021-08-30 07:33:55','2021-09-23 05:59:18'),(37,'Gay','Mitchell','krajcik.carroll@gmail.com','2021-09-06 21:26:55','2021-09-23 05:59:18'),(38,'Janick','Sawayn','cassie75@gmail.com','2021-08-25 14:40:54','2021-09-23 05:59:18'),(39,'Verona','Veum','charity.block@gmail.com','2021-08-27 02:41:27','2021-09-23 05:59:18'),(40,'Jeffry','Harber','mittie.pollich@gmail.com','2021-09-04 04:17:58','2021-09-23 05:59:18'),(41,'Deron','Schmitt','kayli26@gmail.com','2021-09-19 21:22:35','2021-09-23 05:59:18'),(42,'Terrill','Turcotte','schuster.selina@gmail.com','2021-08-24 00:53:47','2021-09-23 05:59:18'),(43,'Jonatan','Raynor','sister.roob@gmail.com','2021-08-24 03:18:32','2021-09-23 05:59:18'),(44,'Evie','Lind','go\'keefe@gmail.com','2021-09-15 05:51:55','2021-09-23 05:59:18'),(45,'Brisa','Mante','eleazar.oberbrunner@gmail.com','2021-09-17 08:57:35','2021-09-23 05:59:18'),(46,'Ivah','Kassulke','donnelly.jessyca@gmail.com','2021-08-27 06:22:45','2021-09-23 05:59:18'),(47,'Maxie','Kovacek','vivien85@gmail.com','2021-08-22 20:25:40','2021-09-23 05:59:18'),(48,'Minerva','Walker','hdietrich@gmail.com','2021-09-11 06:44:37','2021-09-23 05:59:18'),(49,'Therese','Sipes','vgoyette@gmail.com','2021-09-13 20:04:03','2021-09-23 05:59:18'),(50,'Katharina','Metz','clangworth@gmail.com','2021-08-27 04:10:05','2021-09-12 01:57:46'),(51,'Jarret','Aufderhar','aubrey21@gmail.com','2021-09-18 13:34:00','2021-09-23 05:59:18'),(52,'Ella','Oberbrunner','bernier.bobby@gmail.com','2021-08-21 20:19:40','2021-09-23 05:59:18'),(53,'Effie','Waelchi','willard41@gmail.com','2021-08-23 21:28:46','2021-09-23 05:59:18'),(54,'Kristin','Abernathy','hortense18@gmail.com','2021-09-03 16:37:33','2021-09-23 05:59:18'),(55,'Eden','Metz','franecki.delphine@gmail.com','2021-09-11 00:38:16','2021-09-23 05:59:18'),(56,'Dameon','Streich','laura02@gmail.com','2021-08-29 06:09:37','2021-09-23 05:59:18'),(57,'Everardo','Fadel','kelley.nicolas@gmail.com','2021-09-16 03:19:14','2021-09-23 05:59:18'),(58,'Jean','Murazik','rodriguez.robbie@gmail.com','2021-08-30 13:20:12','2021-09-23 05:59:18'),(59,'Rickie','Veum','goldner.micah@gmail.com','2021-08-29 16:27:13','2021-09-23 05:59:18'),(60,'Anabelle','Rogahn','zledner@gmail.com','2021-09-05 07:12:13','2021-09-23 05:59:18'),(61,'Mohamed','Mitchell','herminia27@gmail.com','2021-08-27 23:49:08','2021-09-23 05:59:18'),(62,'Ottilie','Douglas','ebert.axel@gmail.com','2021-09-03 14:32:24','2021-09-23 05:59:18'),(63,'Westley','Cartwright','bauch.cindy@gmail.com','2021-08-23 13:12:30','2021-09-23 05:59:18'),(64,'Rosalyn','Orn','terry.carmine@gmail.com','2021-08-24 20:20:37','2021-09-23 05:59:18'),(65,'Aric','Cremin','willms.gladys@gmail.com','2021-09-15 04:17:00','2021-09-23 05:59:18'),(66,'Marion','Jacobs','maegan.kub@gmail.com','2021-09-20 13:06:16','2021-09-23 05:59:18'),(67,'Sandrine','Schinner','lila.cronin@gmail.com','2021-09-15 00:47:22','2021-09-23 05:59:18'),(68,'Lorenza','Stehr','audie.goyette@gmail.com','2021-08-29 03:39:59','2021-09-23 05:59:18'),(69,'Sonia','Crist','dach.mac@gmail.com','2021-09-06 10:11:36','2021-09-23 05:59:18'),(70,'Rahul','Herzog','hilma.shields@gmail.com','2021-09-09 08:31:49','2021-09-23 05:59:18'),(71,'Dell','Romaguera','spencer.kyleigh@gmail.com','2021-09-18 01:48:29','2021-09-23 05:59:18'),(72,'Jeffry','Borer','dahlia.stiedemann@gmail.com','2021-09-15 14:39:08','2021-09-23 05:59:18'),(73,'Lisa','Renner','ike.funk@gmail.com','2021-09-20 09:30:40','2021-09-23 05:59:18'),(74,'Liliane','Olson','beahan.jessica@gmail.com','2021-09-17 18:53:31','2021-09-23 05:59:18'),(75,'Columbus','Swift','jdenesik@gmail.com','2021-09-01 08:26:02','2021-09-23 05:59:18'),(76,'Gerard','Mraz','vgrady@gmail.com','2021-09-06 18:53:12','2021-09-23 05:59:18'),(77,'Nick','Larkin','riley65@gmail.com','2021-09-05 19:03:41','2021-09-23 05:59:18'),(78,'Donny','Hettinger','kilback.chauncey@gmail.com','2021-09-02 23:29:01','2021-09-23 05:59:18'),(79,'Ardith','Vandervort','bkunze@gmail.com','2021-09-14 21:30:07','2021-09-23 05:59:18'),(80,'Duncan','Corkery','katarina.berge@gmail.com','2021-09-21 02:29:22','2021-09-23 05:59:18'),(81,'Macey','Mosciski','janessa01@gmail.com','2021-08-30 14:17:31','2021-09-23 05:59:18'),(82,'Krystina','Dicki','o\'keefe.keira@gmail.com','2021-09-05 08:52:35','2021-09-23 05:59:18'),(83,'Fay','Lehner','roman23@gmail.com','2021-08-28 16:01:16','2021-09-23 05:59:18'),(84,'Abe','Runte','barry82@gmail.com','2021-08-31 13:48:35','2021-09-23 05:59:18'),(85,'Euna','Zieme','qdouglas@gmail.com','2021-08-30 10:49:12','2021-09-19 12:06:41'),(86,'Gussie','Blanda','hegmann.mayra@gmail.com','2021-08-31 08:46:48','2021-09-20 09:26:45'),(87,'Nikki','Fay','veda87@gmail.com','2021-08-30 00:56:13','2021-09-23 05:59:18'),(88,'Luciano','Cummings','monique.rohan@gmail.com','2021-08-25 06:23:32','2021-09-23 05:59:18'),(89,'Izaiah','Corkery','cleveland.hodkiewicz@gmail.com','2021-09-13 16:17:35','2021-09-23 05:59:18'),(90,'Jerel','Lesch','aisha.cummerata@gmail.com','2021-08-23 10:04:34','2021-09-03 16:26:30'),(91,'Kara','Runolfsson','jnikolaus@gmail.com','2021-08-29 12:17:50','2021-09-23 05:59:18'),(92,'Sedrick','Goyette','haag.matteo@gmail.com','2021-09-17 13:36:44','2021-09-23 05:59:18'),(93,'Ora','Boehm','plegros@gmail.com','2021-09-02 07:10:11','2021-09-23 05:59:18'),(94,'Ibrahim','Christiansen','reagan30@gmail.com','2021-08-23 17:24:25','2021-09-23 05:59:18'),(95,'Deja','Stehr','bertrand.purdy@gmail.com','2021-09-02 20:30:39','2021-09-23 05:59:18'),(96,'Friedrich','Satterfield','reymundo18@gmail.com','2021-09-08 04:31:37','2021-09-23 05:59:18'),(97,'Maggie','Leffler','brittany.ankunding@gmail.com','2021-08-29 08:16:41','2021-09-23 05:59:18'),(98,'Harmon','Tillman','pkassulke@gmail.com','2021-08-24 15:32:38','2021-09-23 05:59:18'),(99,'Rey','Lakin','jcollins@gmail.com','2021-09-13 09:35:03','2021-09-23 05:59:18'),(100,'Jannie','Reynolds','elza64@gmail.com','2021-09-03 02:56:25','2021-09-23 05:59:18'),(101,'Vadim','Alekseev','vadima@gmail.com','2021-09-24 15:23:35','2021-09-24 15:23:35'),(102,'German','Alekseev','german.a@gmail.com','2021-09-24 15:29:04','2021-09-24 15:29:04');
/*!40000 ALTER TABLE `users` ENABLE KEYS */;
UNLOCK TABLES;

--
-- Temporary view structure for view `users_info`
--

DROP TABLE IF EXISTS `users_info`;
/*!50001 DROP VIEW IF EXISTS `users_info`*/;
SET @saved_cs_client     = @@character_set_client;
/*!50503 SET character_set_client = utf8mb4 */;
/*!50001 CREATE VIEW `users_info` AS SELECT 
 1 AS `id`,
 1 AS `fist_name`,
 1 AS `last_name`,
 1 AS `email`,
 1 AS `gender`,
 1 AS `birthday`,
 1 AS `city`,
 1 AS `country`,
 1 AS `paid_memberships`,
 1 AS `restricted_mode`,
 1 AS `created_at`*/;
SET character_set_client = @saved_cs_client;

--
-- Table structure for table `users_plays`
--

DROP TABLE IF EXISTS `users_plays`;
/*!40101 SET @saved_cs_client     = @@character_set_client */;
/*!50503 SET character_set_client = utf8mb4 */;
CREATE TABLE `users_plays` (
  `user_id` int unsigned NOT NULL COMMENT 'Ссылка на пользователя',
  `target_id` int unsigned NOT NULL COMMENT 'Ссылка на идентификатор прослушанного медиа',
  `play_time` time NOT NULL COMMENT 'Продолжительность прослушивания',
  `created_at` datetime NOT NULL DEFAULT CURRENT_TIMESTAMP COMMENT 'Время создания строки',
  PRIMARY KEY (`user_id`,`created_at`),
  KEY `users_plays_target_id_fk` (`target_id`),
  CONSTRAINT `users_plays_target_id_fk` FOREIGN KEY (`target_id`) REFERENCES `media` (`id`) ON DELETE CASCADE,
  CONSTRAINT `users_plays_user_id_fk` FOREIGN KEY (`user_id`) REFERENCES `users` (`id`) ON DELETE CASCADE
) ENGINE=InnoDB DEFAULT CHARSET=utf8mb4 COLLATE=utf8mb4_unicode_ci;
/*!40101 SET character_set_client = @saved_cs_client */;

--
-- Dumping data for table `users_plays`
--

LOCK TABLES `users_plays` WRITE;
/*!40000 ALTER TABLE `users_plays` DISABLE KEYS */;
INSERT INTO `users_plays` VALUES (1,26,'00:02:25','2021-08-23 06:01:28'),(2,97,'00:03:01','2021-09-12 18:57:57'),(3,9,'00:06:03','2021-08-30 20:47:46'),(4,50,'00:01:57','2021-09-05 21:15:13'),(5,24,'00:03:19','2021-09-06 01:15:58'),(6,69,'00:01:57','2021-08-22 02:52:49'),(7,73,'00:00:08','2021-09-01 17:08:43'),(8,56,'00:05:58','2021-09-09 15:31:03'),(9,60,'00:05:13','2021-09-04 17:39:44'),(10,33,'00:01:34','2021-08-30 12:07:02'),(11,83,'00:00:37','2021-09-05 23:41:26'),(12,15,'00:06:32','2021-09-03 23:34:27'),(13,27,'00:02:02','2021-09-08 12:43:53'),(14,90,'00:02:52','2021-08-27 03:18:10'),(15,70,'00:02:09','2021-08-22 20:04:41'),(16,77,'00:04:51','2021-08-24 01:55:19'),(17,74,'00:00:39','2021-09-19 16:06:05'),(18,37,'00:01:28','2021-09-08 07:18:24'),(19,65,'00:02:12','2021-08-26 08:36:46'),(20,13,'00:01:05','2021-09-12 00:43:02'),(21,69,'00:01:57','2021-09-01 14:41:57'),(22,4,'00:00:26','2021-08-30 22:52:40'),(23,14,'00:03:43','2021-08-26 22:46:18'),(24,57,'00:03:39','2021-09-19 12:56:17'),(25,41,'00:03:08','2021-09-19 17:17:37'),(26,35,'00:06:50','2021-08-27 17:59:11'),(27,53,'00:01:38','2021-09-16 17:07:36'),(28,60,'00:03:11','2021-09-15 14:37:57'),(29,39,'00:07:14','2021-09-02 15:32:37'),(30,17,'00:02:03','2021-09-08 18:21:08'),(31,65,'00:00:51','2021-08-28 06:06:24'),(32,75,'00:06:17','2021-08-29 05:56:26'),(33,79,'00:03:39','2021-09-02 23:30:04'),(34,71,'00:07:22','2021-09-08 11:52:45'),(35,16,'00:04:30','2021-08-24 14:30:13'),(36,66,'00:02:47','2021-08-25 10:05:08'),(37,83,'00:09:48','2021-09-14 17:58:43'),(38,17,'00:02:03','2021-09-13 16:15:25'),(39,34,'00:01:46','2021-09-11 14:00:27'),(40,20,'00:02:35','2021-09-13 16:45:43'),(41,96,'00:01:07','2021-08-31 19:23:25'),(42,19,'00:08:21','2021-08-27 20:42:00'),(43,9,'00:06:03','2021-09-02 04:55:07'),(44,85,'00:06:18','2021-09-21 07:12:53'),(45,99,'00:05:14','2021-09-09 20:14:44'),(46,39,'00:05:24','2021-09-08 20:57:01'),(47,99,'00:05:14','2021-08-30 05:28:34'),(48,76,'00:02:45','2021-09-14 21:48:20'),(49,81,'00:07:26','2021-08-29 15:05:20'),(50,77,'00:03:17','2021-09-04 01:02:35'),(51,44,'00:04:43','2021-08-23 23:27:14'),(52,88,'00:01:46','2021-09-21 17:32:13'),(53,5,'00:00:30','2021-08-28 12:55:41'),(54,64,'00:02:03','2021-09-07 06:43:45'),(55,3,'00:04:02','2021-09-07 01:21:24'),(56,21,'00:01:11','2021-09-14 04:47:29'),(57,95,'00:01:41','2021-09-11 19:48:50'),(58,12,'00:07:44','2021-09-04 12:37:48'),(59,74,'00:06:55','2021-08-25 16:03:07'),(60,36,'00:05:20','2021-09-02 14:41:24'),(61,55,'00:01:33','2021-08-25 07:36:40'),(62,68,'00:05:38','2021-09-20 15:05:11'),(63,75,'00:02:05','2021-08-27 02:20:14'),(64,71,'00:04:00','2021-08-22 02:52:02'),(65,27,'00:00:55','2021-09-08 01:13:11'),(66,22,'00:03:22','2021-09-20 16:24:20'),(67,31,'00:02:47','2021-08-29 21:24:02'),(68,85,'00:02:07','2021-08-24 19:42:15'),(69,34,'00:03:32','2021-09-17 14:43:30'),(70,15,'00:07:03','2021-09-05 22:37:52'),(71,73,'00:04:54','2021-09-09 19:41:56'),(72,18,'00:08:17','2021-09-10 17:36:08'),(73,72,'00:06:49','2021-08-25 04:38:42'),(74,6,'00:04:45','2021-09-08 21:08:46'),(75,11,'00:08:45','2021-09-17 12:34:31'),(76,39,'00:04:46','2021-09-14 03:31:11'),(77,59,'00:03:03','2021-09-08 01:44:40'),(78,78,'00:08:33','2021-08-23 15:44:13'),(79,14,'00:02:34','2021-09-13 08:44:26'),(80,36,'00:09:08','2021-08-28 05:23:34'),(81,36,'00:01:53','2021-08-24 16:56:02'),(82,73,'00:02:16','2021-09-14 01:20:30'),(83,55,'00:01:19','2021-08-24 01:46:41'),(84,54,'00:01:08','2021-08-24 01:09:14'),(85,7,'00:04:08','2021-08-27 10:54:40'),(86,72,'00:03:52','2021-09-04 14:41:51'),(87,39,'00:04:48','2021-08-29 03:19:29'),(88,78,'00:04:28','2021-08-29 22:34:06'),(89,74,'00:05:55','2021-09-19 13:24:42'),(90,34,'00:03:32','2021-09-01 08:46:34'),(91,47,'00:03:51','2021-09-09 08:38:10'),(92,34,'00:03:20','2021-09-04 02:54:16'),(93,26,'00:02:25','2021-08-28 04:53:34'),(94,30,'00:07:42','2021-09-12 16:50:11'),(95,69,'00:01:57','2021-09-12 16:09:45'),(96,54,'00:00:11','2021-09-10 03:53:55'),(97,64,'00:03:52','2021-08-21 19:18:07'),(98,55,'00:02:35','2021-09-04 10:04:14'),(99,86,'00:02:43','2021-08-23 04:51:24'),(100,63,'00:03:34','2021-09-20 23:30:55');
/*!40000 ALTER TABLE `users_plays` ENABLE KEYS */;
UNLOCK TABLES;

--
-- Final view structure for view `artists_stats`
--

/*!50001 DROP VIEW IF EXISTS `artists_stats`*/;
/*!50001 SET @saved_cs_client          = @@character_set_client */;
/*!50001 SET @saved_cs_results         = @@character_set_results */;
/*!50001 SET @saved_col_connection     = @@collation_connection */;
/*!50001 SET character_set_client      = utf8mb4 */;
/*!50001 SET character_set_results     = utf8mb4 */;
/*!50001 SET collation_connection      = utf8mb4_0900_ai_ci */;
/*!50001 CREATE ALGORITHM=UNDEFINED */
/*!50013 DEFINER=`root`@`localhost` SQL SECURITY DEFINER */
/*!50001 VIEW `artists_stats` AS select distinct `a`.`id` AS `id`,`a`.`user_id` AS `user_id`,`a`.`name` AS `name`,count(`m`.`id`) OVER (PARTITION BY `a`.`id`,`p`.`id`,`l`.`id` )  AS `count_media`,sum((case when (`m`.`media_type` = 'track') then 1 else 0 end)) OVER (PARTITION BY `a`.`id`,`p`.`id`,`l`.`id` )  AS `count_track`,sum((case when (`m`.`media_type` = 'music_video') then 1 else 0 end)) OVER (PARTITION BY `a`.`id`,`p`.`id`,`l`.`id` )  AS `count_video`,count(`p`.`id`) OVER (PARTITION BY `a`.`id`,`m`.`id`,`l`.`id` )  AS `count_album`,count(`l`.`id`) OVER (PARTITION BY `a`.`id`,`m`.`id`,`p`.`id` )  AS `count_likes`,`a`.`created_at` AS `created_at` from (((`artists` `a` left join `media` `m` on((`m`.`artist_id` = `a`.`id`))) left join `playlists` `p` on(((`p`.`artist_id` = `a`.`id`) and (`p`.`playlist_type` = 'album')))) left join `likes` `l` on(((`l`.`target_id` = `a`.`id`) and (`l`.`target_type` = 'artist')))) order by `a`.`id` */;
/*!50001 SET character_set_client      = @saved_cs_client */;
/*!50001 SET character_set_results     = @saved_cs_results */;
/*!50001 SET collation_connection      = @saved_col_connection */;

--
-- Final view structure for view `users_info`
--

/*!50001 DROP VIEW IF EXISTS `users_info`*/;
/*!50001 SET @saved_cs_client          = @@character_set_client */;
/*!50001 SET @saved_cs_results         = @@character_set_results */;
/*!50001 SET @saved_col_connection     = @@collation_connection */;
/*!50001 SET character_set_client      = utf8mb4 */;
/*!50001 SET character_set_results     = utf8mb4 */;
/*!50001 SET collation_connection      = utf8mb4_0900_ai_ci */;
/*!50001 CREATE ALGORITHM=UNDEFINED */
/*!50013 DEFINER=`root`@`localhost` SQL SECURITY DEFINER */
/*!50001 VIEW `users_info` AS select `u`.`id` AS `id`,`u`.`first_name` AS `fist_name`,`u`.`last_name` AS `last_name`,`u`.`email` AS `email`,`p`.`gender` AS `gender`,`p`.`birthday` AS `birthday`,`c`.`name` AS `city`,`c2`.`name` AS `country`,`p`.`paid_memberships` AS `paid_memberships`,`p`.`restricted_mode` AS `restricted_mode`,`u`.`created_at` AS `created_at` from (((`users` `u` join `profiles` `p` on((`u`.`id` = `p`.`user_id`))) join `cities` `c` on((`p`.`city_id` = `c`.`id`))) join `countries` `c2` on((`c2`.`id` = `c`.`country_id`))) */;
/*!50001 SET character_set_client      = @saved_cs_client */;
/*!50001 SET character_set_results     = @saved_cs_results */;
/*!50001 SET collation_connection      = @saved_col_connection */;
/*!40103 SET TIME_ZONE=@OLD_TIME_ZONE */;

/*!40101 SET SQL_MODE=@OLD_SQL_MODE */;
/*!40014 SET FOREIGN_KEY_CHECKS=@OLD_FOREIGN_KEY_CHECKS */;
/*!40014 SET UNIQUE_CHECKS=@OLD_UNIQUE_CHECKS */;
/*!40101 SET CHARACTER_SET_CLIENT=@OLD_CHARACTER_SET_CLIENT */;
/*!40101 SET CHARACTER_SET_RESULTS=@OLD_CHARACTER_SET_RESULTS */;
/*!40101 SET COLLATION_CONNECTION=@OLD_COLLATION_CONNECTION */;
/*!40111 SET SQL_NOTES=@OLD_SQL_NOTES */;

-- Dump completed on 2021-09-24 19:03:51
